-- MySQL dump 10.13  Distrib 8.0.45, for Linux (x86_64)
--
-- Host: localhost    Database: db_cpretha
-- ------------------------------------------------------
-- Server version	8.0.45-0ubuntu0.24.04.1

/*!40101 SET @OLD_CHARACTER_SET_CLIENT=@@CHARACTER_SET_CLIENT */;
/*!40101 SET @OLD_CHARACTER_SET_RESULTS=@@CHARACTER_SET_RESULTS */;
/*!40101 SET @OLD_COLLATION_CONNECTION=@@COLLATION_CONNECTION */;
/*!50503 SET NAMES utf8mb4 */;
/*!40103 SET @OLD_TIME_ZONE=@@TIME_ZONE */;
/*!40103 SET TIME_ZONE='+00:00' */;
/*!40014 SET @OLD_UNIQUE_CHECKS=@@UNIQUE_CHECKS, UNIQUE_CHECKS=0 */;
/*!40014 SET @OLD_FOREIGN_KEY_CHECKS=@@FOREIGN_KEY_CHECKS, FOREIGN_KEY_CHECKS=0 */;
/*!40101 SET @OLD_SQL_MODE=@@SQL_MODE, SQL_MODE='NO_AUTO_VALUE_ON_ZERO' */;
/*!40111 SET @OLD_SQL_NOTES=@@SQL_NOTES, SQL_NOTES=0 */;

--
-- Table structure for table `coberturas`
--

DROP TABLE IF EXISTS `coberturas`;
/*!40101 SET @saved_cs_client     = @@character_set_client */;
/*!50503 SET character_set_client = utf8mb4 */;
CREATE TABLE `coberturas` (
  `id` int NOT NULL AUTO_INCREMENT,
  `empresa_id` int NOT NULL,
  `nome` varchar(120) CHARACTER SET utf8mb4 COLLATE utf8mb4_unicode_ci NOT NULL,
  `ativo` tinyint(1) NOT NULL DEFAULT '1',
  `criado_em` timestamp NULL DEFAULT CURRENT_TIMESTAMP,
  `atualizado_em` timestamp NULL DEFAULT CURRENT_TIMESTAMP ON UPDATE CURRENT_TIMESTAMP,
  PRIMARY KEY (`id`),
  KEY `fk_coberturas_empresa` (`empresa_id`),
  CONSTRAINT `fk_coberturas_empresa` FOREIGN KEY (`empresa_id`) REFERENCES `empresas` (`id`)
) ENGINE=InnoDB DEFAULT CHARSET=utf8mb4 COLLATE=utf8mb4_unicode_ci;
/*!40101 SET character_set_client = @saved_cs_client */;

--
-- Dumping data for table `coberturas`
--

LOCK TABLES `coberturas` WRITE;
/*!40000 ALTER TABLE `coberturas` DISABLE KEYS */;
/*!40000 ALTER TABLE `coberturas` ENABLE KEYS */;
UNLOCK TABLES;

--
-- Table structure for table `colaboradores`
--

DROP TABLE IF EXISTS `colaboradores`;
/*!40101 SET @saved_cs_client     = @@character_set_client */;
/*!50503 SET character_set_client = utf8mb4 */;
CREATE TABLE `colaboradores` (
  `id` int NOT NULL AUTO_INCREMENT,
  `nome` varchar(255) CHARACTER SET utf8mb4 COLLATE utf8mb4_unicode_ci NOT NULL,
  `empresa_id` int NOT NULL,
  `condominio_id` int DEFAULT NULL,
  `posto_id` int DEFAULT NULL,
  `ativo` tinyint(1) DEFAULT '1',
  `inativado_em` datetime DEFAULT NULL,
  `criado_em` timestamp NOT NULL DEFAULT CURRENT_TIMESTAMP,
  `atualizado_em` timestamp NOT NULL DEFAULT CURRENT_TIMESTAMP ON UPDATE CURRENT_TIMESTAMP,
  `tipo` enum('fixo','cobertura') CHARACTER SET utf8mb4 COLLATE utf8mb4_unicode_ci NOT NULL DEFAULT 'fixo',
  PRIMARY KEY (`id`),
  UNIQUE KEY `uk_colab_nome_empresa` (`nome`,`empresa_id`),
  KEY `empresa_id` (`empresa_id`),
  KEY `posto_id` (`posto_id`),
  KEY `idx_colaboradores_condominio` (`condominio_id`),
  KEY `idx_colab_cond_criado_inat` (`condominio_id`,`criado_em`,`inativado_em`),
  CONSTRAINT `colaboradores_ibfk_1` FOREIGN KEY (`empresa_id`) REFERENCES `empresas` (`id`) ON DELETE CASCADE,
  CONSTRAINT `colaboradores_ibfk_2` FOREIGN KEY (`posto_id`) REFERENCES `postos` (`id`) ON DELETE SET NULL
) ENGINE=InnoDB AUTO_INCREMENT=173 DEFAULT CHARSET=utf8mb4 COLLATE=utf8mb4_unicode_ci;
/*!40101 SET character_set_client = @saved_cs_client */;

--
-- Dumping data for table `colaboradores`
--

LOCK TABLES `colaboradores` WRITE;
/*!40000 ALTER TABLE `colaboradores` DISABLE KEYS */;
INSERT INTO `colaboradores` VALUES (1,'Josias Ribeiro da Silva',1,1,1,1,NULL,'2026-01-29 20:19:26','2026-01-29 20:20:15','fixo'),(2,'Paulo Batista Ramos',1,1,5,1,NULL,'2026-01-29 20:20:49','2026-01-29 20:20:49','fixo'),(3,'João Evangelista Alves Ferreira',1,1,5,1,NULL,'2026-01-29 20:21:15','2026-01-29 20:21:15','fixo'),(4,'Cristina Maria de Sousa Lima',1,1,5,1,NULL,'2026-01-29 20:21:34','2026-01-29 20:21:34','fixo'),(5,'Alberto Paixão dos Santos',1,1,1,1,NULL,'2026-01-29 20:21:55','2026-01-29 20:21:55','fixo'),(6,'Adevaldo Novais dos Santos',1,1,5,1,NULL,'2026-01-29 20:22:23','2026-01-29 20:22:23','fixo'),(7,'Sandra Barbosa dos Santos',2,1,8,1,NULL,'2026-01-29 20:27:46','2026-01-29 20:27:46','fixo'),(8,'Rosimeire Andrade Lucas',2,1,9,1,NULL,'2026-01-29 20:28:10','2026-01-29 20:28:10','fixo'),(9,'Fernando dos Santos',2,1,4,1,NULL,'2026-01-29 20:28:26','2026-01-29 20:28:26','fixo'),(10,'Mackson Marcelo Santos Lima',2,1,4,1,NULL,'2026-01-29 20:28:58','2026-01-29 20:28:58','fixo'),(11,'Valdir Dias de Azevedo',2,1,6,1,NULL,'2026-01-29 20:29:22','2026-02-02 13:33:20','fixo'),(12,'Walter Oliveira Guerra',2,1,6,1,NULL,'2026-01-29 20:29:52','2026-02-02 13:40:52','fixo'),(13,'Amilton Pereira da Silva',2,1,7,1,NULL,'2026-01-29 20:30:18','2026-01-29 20:30:18','fixo'),(14,'Cobertura Lee',1,NULL,NULL,1,NULL,'2026-01-29 21:40:05','2026-02-02 13:32:55','cobertura'),(17,'Colaborador condulli',1,6,2,0,'2026-02-19 10:22:53','2026-02-02 15:35:56','2026-02-19 13:22:53','fixo'),(18,'Colaborador teste',1,1,7,1,NULL,'2026-02-02 15:38:16','2026-02-02 15:38:16','fixo'),(19,'Teste colaborador conduli2',2,6,6,0,'2026-02-19 10:22:58','2026-02-02 15:55:08','2026-02-19 13:22:58','fixo'),(20,'Jurandir Miranda Da Silva Junior',2,26,4,1,NULL,'2026-02-04 13:45:28','2026-02-04 14:13:24','fixo'),(21,'Valnei Lopes',2,26,8,1,NULL,'2026-02-04 13:46:00','2026-02-04 13:46:00','fixo'),(22,'Luiz Cláudio Gomes',1,26,1,1,NULL,'2026-02-04 13:46:20','2026-02-04 14:13:39','fixo'),(23,'Janaína Pari',1,NULL,NULL,1,NULL,'2026-02-04 13:46:51','2026-02-04 13:46:51','cobertura'),(24,'Paulo Henrique da Silva',2,26,4,1,NULL,'2026-02-04 14:14:12','2026-02-04 14:14:12','fixo'),(25,' Eduardo Ferreira da Silva',2,26,8,1,NULL,'2026-02-04 14:15:02','2026-02-04 14:15:02','fixo'),(26,'Janaina Paula Goes Tamehiro',1,26,2,1,NULL,'2026-02-04 14:15:29','2026-02-04 14:15:29','fixo'),(27,'Ademir de Souza ferreira ',2,23,4,1,NULL,'2026-02-04 14:17:11','2026-02-04 14:17:11','fixo'),(28,'Danilo longo',2,23,4,1,NULL,'2026-02-04 14:17:31','2026-02-04 14:17:31','fixo'),(29,'Fábio Abade dos Santos ',2,23,4,1,NULL,'2026-02-04 14:17:45','2026-02-04 14:17:45','fixo'),(30,'José Carlos Bransford ',2,23,4,1,NULL,'2026-02-04 14:18:00','2026-02-04 14:18:00','fixo'),(31,'Fabio dos Santos Soares ',2,23,6,1,NULL,'2026-02-04 14:18:15','2026-02-04 14:18:15','fixo'),(32,'Ronaldo Luiz da Silva ',2,23,6,1,NULL,'2026-02-04 14:18:27','2026-02-04 14:18:27','fixo'),(33,'Maycon Jackson de Assis',2,23,6,1,NULL,'2026-02-04 14:18:44','2026-02-04 14:18:44','fixo'),(34,'José Eustáquio silva',1,23,1,1,NULL,'2026-02-04 14:24:47','2026-02-04 14:24:47','fixo'),(35,'Daniel de Barros Ferreira',1,23,1,0,'2026-02-12 09:42:03','2026-02-04 14:25:19','2026-02-18 19:37:01','fixo'),(36,'Diego Rafael dos Santos Marcondes',2,18,6,1,NULL,'2026-02-04 14:30:05','2026-02-04 14:30:05','fixo'),(37,'Teste',1,11,3,0,'2026-02-04 11:51:43','2026-02-04 14:31:15','2026-02-18 19:37:01','fixo'),(38,'Francisco Erivan Ferreira Araújo',2,18,6,1,NULL,'2026-02-04 14:31:15','2026-02-04 14:31:15','fixo'),(39,'Shaany Santos Barreto',2,18,6,1,NULL,'2026-02-04 14:31:38','2026-02-04 14:31:38','fixo'),(40,'Elias Pereira da Costa',2,18,6,1,NULL,'2026-02-04 14:31:50','2026-02-04 14:31:50','fixo'),(41,'Roberto Lopes Caetano',2,18,4,1,NULL,'2026-02-04 14:32:05','2026-02-04 14:32:05','fixo'),(42,'Gabriel Fagundes Simões',2,18,4,1,NULL,'2026-02-04 14:32:30','2026-02-04 14:32:30','fixo'),(43,'Danilo Marques da Silva',2,18,4,1,NULL,'2026-02-04 14:32:46','2026-02-04 14:32:46','fixo'),(44,'Marcos Vinicius Oliveira Marques',2,18,4,1,NULL,'2026-02-04 14:33:06','2026-02-04 14:33:06','fixo'),(45,'Willian Santos Pereira',2,18,4,1,NULL,'2026-02-04 14:33:25','2026-02-04 14:33:25','fixo'),(46,'José Da Silva',1,18,1,1,NULL,'2026-02-04 14:34:25','2026-02-04 14:34:25','fixo'),(47,'André de Souza Silva',2,11,4,1,NULL,'2026-02-04 14:36:53','2026-02-04 15:43:30','fixo'),(48,'Leandro Soares de Albuquerque',2,11,4,1,NULL,'2026-02-04 14:37:07','2026-02-04 15:43:56','fixo'),(49,'Adeildo Pereira De Lima',2,11,6,1,NULL,'2026-02-04 14:38:20','2026-02-04 14:38:20','fixo'),(50,'Wesley Gomes Martins',2,11,6,1,NULL,'2026-02-04 14:38:56','2026-02-04 14:38:56','fixo'),(51,'Edmilson Costa Da Silva',1,11,1,1,NULL,'2026-02-04 14:39:16','2026-02-04 14:39:16','fixo'),(52,'Luiz Carlos De Oliveira',4,11,3,1,NULL,'2026-02-04 14:39:37','2026-02-04 14:39:37','fixo'),(53,'Flavio Barbosa Dos Santos',2,11,6,1,NULL,'2026-02-04 14:40:31','2026-02-04 14:40:31','fixo'),(54,'Erivelton Da Silva Santos',2,11,6,1,NULL,'2026-02-04 14:44:46','2026-02-04 14:44:46','fixo'),(55,'Rogério Dos Santos Reis',2,NULL,NULL,1,NULL,'2026-02-04 15:01:51','2026-02-04 15:01:51','cobertura'),(56,'Samuel de Castro Silva',2,23,6,1,NULL,'2026-02-04 15:03:19','2026-02-04 15:03:19','fixo'),(57,'Elizario De Souza Lima',3,23,1,1,NULL,'2026-02-04 15:05:42','2026-02-04 15:05:42','fixo'),(58,'JOSE VANDERLEI BENEDICTO',2,NULL,NULL,1,NULL,'2026-02-04 18:06:00','2026-02-04 18:06:00','cobertura'),(59,'Pedro Luis De Oliveira   Cruz',2,28,4,1,NULL,'2026-02-04 18:17:32','2026-02-19 18:01:18','fixo'),(60,'André Luiz Felix Paiva',2,28,6,1,NULL,'2026-02-04 18:17:54','2026-02-04 18:17:54','fixo'),(61,'Edivaldo da Silva',2,28,6,1,NULL,'2026-02-04 18:20:21','2026-02-04 18:20:21','fixo'),(62,'Alexandre Pereira',2,28,4,1,NULL,'2026-02-04 18:20:57','2026-02-04 18:20:57','fixo'),(63,'Higor  Alves  de Oliveira',2,28,6,1,NULL,'2026-02-04 18:21:29','2026-02-04 18:21:29','fixo'),(64,'Roberto Machado',2,28,4,1,NULL,'2026-02-04 18:21:49','2026-02-04 18:21:49','fixo'),(65,'Andre de Jesus',2,28,6,1,NULL,'2026-02-04 18:22:13','2026-02-04 18:22:13','fixo'),(66,'Alisson de Almeida',2,28,4,1,NULL,'2026-02-04 18:22:38','2026-02-04 18:22:38','fixo'),(67,'VINÍCUS FELIPE',2,28,1,1,NULL,'2026-02-04 18:30:53','2026-02-04 18:30:53','fixo'),(68,'Rosana Aparecida da Silva Nogueira',1,28,1,1,NULL,'2026-02-04 18:48:12','2026-02-19 16:12:33','fixo'),(69,'Silvio Costa Batista',1,10,1,1,NULL,'2026-02-04 19:29:02','2026-02-13 12:33:34','fixo'),(70,'Maria Hilda Marques Dos Santos',1,10,2,1,NULL,'2026-02-04 19:37:20','2026-02-04 19:39:45','fixo'),(71,'Rubens Pinto De Oliveira',4,10,3,1,NULL,'2026-02-04 19:39:19','2026-02-04 19:39:19','fixo'),(72,'Anderson Ricardo',2,10,4,1,NULL,'2026-02-04 20:08:16','2026-02-04 20:08:16','fixo'),(73,'Claudio Barbosa',2,10,4,1,NULL,'2026-02-04 20:08:40','2026-02-04 20:08:40','fixo'),(74,'Ademir Mendes',2,10,4,1,NULL,'2026-02-04 20:09:12','2026-02-04 20:09:12','fixo'),(75,'Diego Ferreira Machado',2,14,4,1,NULL,'2026-02-04 20:21:01','2026-02-04 20:21:01','fixo'),(76,'Fernando Gonçalves Duarte Moura',2,14,4,1,NULL,'2026-02-04 20:21:47','2026-02-04 20:21:47','fixo'),(77,'Lucas Neves da Silva',2,14,4,0,'2026-02-13 09:27:50','2026-02-04 20:22:00','2026-02-18 19:37:01','fixo'),(78,'Thiago Ferreira Sobrinho',2,14,4,1,NULL,'2026-02-04 20:22:27','2026-02-04 20:22:27','fixo'),(79,'Emelina campos da Silva',2,14,8,1,NULL,'2026-02-04 20:23:19','2026-02-04 20:23:19','fixo'),(80,'Fernando Galvão',1,14,1,0,'2026-02-13 09:21:56','2026-02-04 20:23:52','2026-02-18 19:37:01','fixo'),(81,'Edvaldo lunguim',1,NULL,NULL,1,NULL,'2026-02-04 20:25:19','2026-02-04 20:25:19','cobertura'),(82,'Marco Aurélio',1,NULL,NULL,1,NULL,'2026-02-04 20:27:57','2026-02-04 20:27:57','cobertura'),(83,'Lucas De Souza Azevedo Silva',2,25,4,1,NULL,'2026-02-04 20:31:52','2026-02-04 20:31:52','fixo'),(84,'Lucas Xavier Das Chagas',2,25,4,1,NULL,'2026-02-04 20:32:12','2026-02-04 20:32:12','fixo'),(85,'Wallace Randonn Lima Cerqueira',2,25,4,1,NULL,'2026-02-04 20:32:35','2026-02-04 20:32:35','fixo'),(86,'Wilder Evangelista Da Silva',2,25,4,1,NULL,'2026-02-04 20:32:56','2026-02-04 20:32:56','fixo'),(87,'Pedro Luis de Oliveira Cruz',2,25,6,1,NULL,'2026-02-04 20:35:58','2026-02-04 20:35:58','fixo'),(88,'Samuel Soares Dos Santos',2,25,6,1,NULL,'2026-02-04 20:36:35','2026-02-04 20:36:35','fixo'),(89,'Daniel De Menezes Bispo',2,25,6,1,NULL,'2026-02-04 20:39:10','2026-02-04 20:39:10','fixo'),(90,'Francisco Jose Ferreira',2,25,6,1,NULL,'2026-02-04 20:40:53','2026-02-04 20:40:53','fixo'),(91,'Alcides Jorge',2,25,6,1,NULL,'2026-02-04 20:42:37','2026-02-19 17:45:33','fixo'),(92,'Alisson Jose Alves',1,25,1,1,NULL,'2026-02-04 20:42:53','2026-02-10 21:53:21','fixo'),(93,'Janaina de Lourdes Magalhães',1,25,2,1,NULL,'2026-02-04 20:43:59','2026-02-10 21:53:07','fixo'),(94,'Diego Machado',2,26,8,1,NULL,'2026-02-05 11:23:40','2026-02-05 11:23:40','fixo'),(95,'JOSE  BENEDICTO',2,18,6,1,NULL,'2026-02-06 11:48:51','2026-02-06 11:48:51','fixo'),(96,'Sidney Vicente Da Silva',2,10,4,1,NULL,'2026-02-06 13:28:04','2026-02-06 13:28:04','fixo'),(97,'Gilmar Sandes Lima',2,10,4,1,NULL,'2026-02-06 13:32:39','2026-02-06 13:32:39','fixo'),(98,'Jõao Victor Sidney Barbosa',2,10,4,1,NULL,'2026-02-06 13:39:42','2026-02-06 13:39:42','fixo'),(99,'Maikon Guilherme Carvalho',2,10,4,1,NULL,'2026-02-06 13:44:16','2026-02-06 13:44:16','fixo'),(100,'Diego Rafael Marcondes',2,26,4,1,NULL,'2026-02-09 18:37:00','2026-02-09 18:37:00','fixo'),(101,'Raphaela Sousa',2,26,8,1,NULL,'2026-02-09 19:11:12','2026-02-09 19:11:12','fixo'),(102,'Loredi Varella',2,18,6,1,NULL,'2026-02-09 19:29:27','2026-02-09 19:29:27','fixo'),(103,'Gabriel Simão Soares',2,10,4,1,NULL,'2026-02-09 19:42:20','2026-02-13 18:36:04','fixo'),(104,'Andre Alves',2,10,4,1,NULL,'2026-02-09 20:07:13','2026-02-09 20:07:13','fixo'),(105,'José Gomes',2,14,4,1,NULL,'2026-02-09 20:20:44','2026-02-09 20:20:44','fixo'),(106,'Lucas Costa Florêncio \"Falta de efetivo\"',2,14,4,1,NULL,'2026-02-09 20:22:23','2026-02-13 12:31:04','fixo'),(107,'Jair Silva',2,7,4,1,NULL,'2026-02-09 21:19:48','2026-02-09 21:19:48','fixo'),(108,'Marcelo Da Silva Santos',2,7,6,1,NULL,'2026-02-09 21:20:34','2026-02-09 21:20:34','fixo'),(109,'DANIEL VITOR DE LIMA DA COSTA',2,7,4,1,NULL,'2026-02-09 21:21:02','2026-02-09 21:21:02','fixo'),(110,'ELCIO DA SILVA OLIVEIRA',2,7,6,1,NULL,'2026-02-09 21:21:22','2026-02-09 21:21:22','fixo'),(111,'EVERALDO DA ANUNCIAÇAO CARDOSO',2,7,6,1,NULL,'2026-02-09 21:21:39','2026-02-09 21:21:39','fixo'),(112,'DAVI SILVA DE DEUS',2,7,4,1,NULL,'2026-02-09 21:21:58','2026-02-09 21:21:58','fixo'),(113,'ELIEL DE MORAES SANTIAGO',2,7,6,1,NULL,'2026-02-09 21:23:21','2026-02-09 21:23:21','fixo'),(114,'JOSE VANDERLEI BENEDICTO,',2,18,6,1,NULL,'2026-02-10 21:28:25','2026-02-10 21:28:25','fixo'),(115,'ALLAN LOPES SILVA',4,7,3,1,NULL,'2026-02-10 21:32:40','2026-02-10 21:32:40','fixo'),(116,'CHRITIAN PERREIRA DE LIMA',1,7,1,0,'2026-02-13 09:29:23','2026-02-10 21:33:13','2026-02-18 19:37:01','fixo'),(117,'THIAGO CRUZ DE MELO',2,7,4,1,NULL,'2026-02-10 21:33:49','2026-02-10 21:33:49','fixo'),(118,'João Victor do Carmo Silva tosta',1,7,1,1,NULL,'2026-02-10 22:09:48','2026-02-10 22:09:48','fixo'),(119,'Guilherme Kaique de Oliveira',1,14,1,1,NULL,'2026-02-11 12:00:00','2026-02-13 13:01:10','fixo'),(120,'MAURICIO JOSE DA SILVA',2,7,4,1,NULL,'2026-02-11 12:21:05','2026-02-11 12:21:05','fixo'),(121,'Carlos Ivan Maia Neto',2,14,4,1,NULL,'2026-02-11 12:56:01','2026-02-11 12:56:01','fixo'),(122,'Elton Santana Pires',2,6,4,1,NULL,'2026-02-11 21:08:44','2026-02-13 12:18:41','fixo'),(123,'Elton Santana Pires \"Falta de efetivo\"',2,14,4,0,'2026-02-13 16:07:35','2026-02-13 12:53:06','2026-02-18 19:37:01','fixo'),(124,'Gabriel Fagundes \"Falta de efetivo\"',2,14,4,0,'2026-02-13 09:55:02','2026-02-13 12:54:41','2026-02-18 19:37:01','fixo'),(125,'Vagner Pereira de oliveira',2,28,4,1,NULL,'2026-02-13 18:53:29','2026-02-13 18:53:29','fixo'),(126,'Silvana Pereira',1,NULL,NULL,1,NULL,'2026-02-13 18:56:29','2026-02-13 18:56:29','cobertura'),(127,'Silvio Augusto',2,10,4,1,NULL,'2026-02-16 19:52:23','2026-02-16 19:52:23','fixo'),(128,'Bruno Silva de Jesus',1,5,10,1,NULL,'2026-02-18 12:15:01','2026-02-18 12:15:01','fixo'),(129,'Eduardo Pereira Silva',1,5,1,1,NULL,'2026-02-18 12:16:10','2026-02-18 12:16:10','fixo'),(130,'José Ronaldo de Oliveira',1,5,5,1,NULL,'2026-02-18 12:17:04','2026-02-18 12:17:04','fixo'),(131,'Luciano da Silva',1,5,5,1,NULL,'2026-02-18 12:17:29','2026-02-18 12:17:29','fixo'),(132,'Edina da Rosa',1,5,5,1,NULL,'2026-02-18 12:17:57','2026-02-18 12:17:57','fixo'),(133,'Adílson Santos da Silva',4,5,3,1,NULL,'2026-02-18 12:19:21','2026-02-18 12:19:21','fixo'),(134,'José Mário da Silva',4,5,3,1,NULL,'2026-02-18 12:19:44','2026-02-18 12:19:44','fixo'),(135,'Gustavo Alvarenga da Sousa',4,5,3,1,NULL,'2026-02-18 12:20:05','2026-02-18 12:20:05','fixo'),(136,'Josman Lopes',4,5,3,1,NULL,'2026-02-18 12:20:31','2026-02-18 12:20:31','fixo'),(137,'Jose Rafael Moreira dos Santos',2,5,7,1,NULL,'2026-02-18 12:21:42','2026-02-18 12:21:42','fixo'),(138,'David Fabiano Santana',2,5,6,1,NULL,'2026-02-18 12:22:19','2026-02-18 12:22:19','fixo'),(139,'Gabriele Magalhaes Rosa Faistinguer',2,5,9,1,NULL,'2026-02-18 12:23:21','2026-02-19 11:53:11','fixo'),(140,'Cristopher  Carvalho',2,5,11,1,NULL,'2026-02-18 12:24:39','2026-02-18 12:24:39','fixo'),(141,'Jheicy Kelly de Paula Faria',2,5,8,1,NULL,'2026-02-18 12:25:07','2026-02-18 12:25:07','fixo'),(142,'Ítalo Fernandes Portugal',2,5,6,1,NULL,'2026-02-18 12:26:24','2026-02-19 11:54:26','fixo'),(143,'Claudio Roberto Moreira',2,5,7,1,NULL,'2026-02-18 12:26:52','2026-02-18 12:26:52','fixo'),(144,'Zé Mineiro',5,33,6,1,NULL,'2026-02-18 20:26:11','2026-02-18 20:32:44','fixo'),(145,'João Mineiro',5,33,4,1,NULL,'2026-02-18 20:26:33','2026-02-18 20:29:39','fixo'),(146,'Marciano MG',6,33,2,1,NULL,'2026-02-18 20:26:53','2026-02-18 20:32:39','fixo'),(147,'Zé Pequeno RJ',5,32,6,1,NULL,'2026-02-18 20:33:13','2026-02-19 17:41:15','fixo'),(148,'Laranjinha RJ',5,32,4,1,NULL,'2026-02-18 20:33:28','2026-02-18 20:33:28','fixo'),(149,'Gari do Vidigal RJ',6,32,2,1,NULL,'2026-02-18 20:34:01','2026-02-18 20:34:01','fixo'),(150,'Jô Soares SP',6,31,2,1,NULL,'2026-02-18 20:42:03','2026-02-18 20:42:03','fixo'),(151,'Sargento Nantes SP',5,31,6,1,NULL,'2026-02-18 20:42:58','2026-02-18 20:42:58','fixo'),(152,'Tenente João',5,31,4,1,NULL,'2026-02-18 20:43:21','2026-02-18 20:43:21','fixo'),(153,'José Mario Silva',4,5,3,1,NULL,'2026-02-19 11:51:10','2026-02-19 11:51:10','fixo'),(154,'Sergio Ricardo de Oliveira',2,5,6,1,NULL,'2026-02-19 11:52:52','2026-02-19 11:52:52','fixo'),(155,'João Vitor Martineli Serafim',2,5,11,1,NULL,'2026-02-19 11:53:42','2026-02-19 11:53:42','fixo'),(156,'Cleberson Henrique da Silva Ribeiro',2,5,6,1,NULL,'2026-02-19 11:54:55','2026-02-19 11:54:55','fixo'),(157,'Angelo Pertenelli',2,5,6,1,NULL,'2026-02-19 11:55:22','2026-02-19 11:55:22','fixo'),(158,'Julio Cesar de Oliveira',2,5,7,1,NULL,'2026-02-19 11:55:51','2026-02-19 11:55:51','fixo'),(159,'Mário Guimarães dos Santos',2,5,6,1,NULL,'2026-02-19 11:56:07','2026-02-19 11:56:07','fixo'),(160,'Valter de Moraes Lorena',2,5,9,1,NULL,'2026-02-19 11:56:55','2026-02-19 11:56:55','fixo'),(161,'Luccas Farias dos Santos',2,5,11,1,NULL,'2026-02-19 11:57:16','2026-02-19 11:57:16','fixo'),(162,'Camila Martineli Pereira',2,5,9,1,NULL,'2026-02-19 11:57:33','2026-02-19 11:57:33','fixo'),(163,'Jeffeson Silva Goulart',2,5,7,1,NULL,'2026-02-19 11:57:51','2026-02-19 11:57:51','fixo'),(164,'Cristopher  Rodrigues De Carvalho',2,5,6,1,NULL,'2026-02-19 11:58:09','2026-02-19 11:58:09','fixo'),(165,'Jorlan Costa',2,5,9,1,NULL,'2026-02-19 11:58:36','2026-02-19 11:58:36','fixo'),(166,'João Vitor dos Santos Souza',2,5,9,1,NULL,'2026-02-19 11:59:17','2026-02-19 11:59:17','fixo'),(167,'Jose Cicero Clemente Da Silva',4,11,3,1,NULL,'2026-02-19 12:01:40','2026-02-19 12:01:40','fixo'),(168,'Lucilene Maria de Paiva',1,3,5,1,NULL,'2026-02-19 13:12:03','2026-02-19 13:12:03','fixo'),(169,'Paulo Sergio Pereira Santiago',2,3,11,1,NULL,'2026-02-19 13:12:36','2026-02-19 13:12:36','fixo'),(170,'Rodrigo José de Andrade',2,3,11,1,NULL,'2026-02-19 13:13:19','2026-02-19 13:13:19','fixo'),(171,'Denis Jorge Coelho da Silva Montenegro',2,3,6,1,NULL,'2026-02-19 13:13:37','2026-02-19 13:13:37','fixo'),(172,'Edivaldo Everton Santos da Silva',2,3,6,1,NULL,'2026-02-19 13:13:56','2026-02-19 13:13:56','fixo');
/*!40000 ALTER TABLE `colaboradores` ENABLE KEYS */;
UNLOCK TABLES;

--
-- Table structure for table `condominio_postos`
--

DROP TABLE IF EXISTS `condominio_postos`;
/*!40101 SET @saved_cs_client     = @@character_set_client */;
/*!50503 SET character_set_client = utf8mb4 */;
CREATE TABLE `condominio_postos` (
  `id` int NOT NULL AUTO_INCREMENT,
  `condominio_id` int NOT NULL,
  `posto_id` int NOT NULL,
  `criado_em` timestamp NOT NULL DEFAULT CURRENT_TIMESTAMP,
  PRIMARY KEY (`id`),
  UNIQUE KEY `uk_condominio_posto` (`condominio_id`,`posto_id`),
  KEY `fk_cp_posto` (`posto_id`),
  CONSTRAINT `fk_cp_condominio` FOREIGN KEY (`condominio_id`) REFERENCES `condominios` (`id`) ON DELETE CASCADE,
  CONSTRAINT `fk_cp_posto` FOREIGN KEY (`posto_id`) REFERENCES `postos` (`id`) ON DELETE CASCADE
) ENGINE=InnoDB DEFAULT CHARSET=utf8mb4 COLLATE=utf8mb4_unicode_ci;
/*!40101 SET character_set_client = @saved_cs_client */;

--
-- Dumping data for table `condominio_postos`
--

LOCK TABLES `condominio_postos` WRITE;
/*!40000 ALTER TABLE `condominio_postos` DISABLE KEYS */;
/*!40000 ALTER TABLE `condominio_postos` ENABLE KEYS */;
UNLOCK TABLES;

--
-- Table structure for table `condominios`
--

DROP TABLE IF EXISTS `condominios`;
/*!40101 SET @saved_cs_client     = @@character_set_client */;
/*!50503 SET character_set_client = utf8mb4 */;
CREATE TABLE `condominios` (
  `id` int NOT NULL AUTO_INCREMENT,
  `nome` varchar(255) CHARACTER SET utf8mb4 COLLATE utf8mb4_unicode_ci NOT NULL,
  `codigo_interno` varchar(50) CHARACTER SET utf8mb4 COLLATE utf8mb4_unicode_ci DEFAULT NULL,
  `endereco` text CHARACTER SET utf8mb4 COLLATE utf8mb4_unicode_ci,
  `cidade` varchar(100) CHARACTER SET utf8mb4 COLLATE utf8mb4_unicode_ci DEFAULT NULL,
  `estado` varchar(2) CHARACTER SET utf8mb4 COLLATE utf8mb4_unicode_ci DEFAULT NULL,
  `ativo` tinyint(1) DEFAULT '1',
  `criado_em` timestamp NOT NULL DEFAULT CURRENT_TIMESTAMP,
  `atualizado_em` timestamp NOT NULL DEFAULT CURRENT_TIMESTAMP ON UPDATE CURRENT_TIMESTAMP,
  PRIMARY KEY (`id`)
) ENGINE=InnoDB AUTO_INCREMENT=34 DEFAULT CHARSET=utf8mb4 COLLATE=utf8mb4_unicode_ci;
/*!40101 SET character_set_client = @saved_cs_client */;

--
-- Dumping data for table `condominios`
--

LOCK TABLES `condominios` WRITE;
/*!40000 ALTER TABLE `condominios` DISABLE KEYS */;
INSERT INTO `condominios` VALUES (1,'DVR Embu',NULL,NULL,NULL,NULL,1,'2026-01-29 19:59:36','2026-01-29 19:59:36'),(2,'DVR Porto Feliz',NULL,NULL,NULL,NULL,1,'2026-02-02 13:24:08','2026-02-02 13:24:08'),(3,'DVR Itapevi',NULL,NULL,NULL,NULL,1,'2026-02-02 13:26:41','2026-02-02 13:26:41'),(4,'DVR Limeira',NULL,NULL,NULL,NULL,1,'2026-02-02 13:26:48','2026-02-02 13:26:48'),(5,'DVR Caçavapa',NULL,NULL,NULL,NULL,1,'2026-02-02 13:26:54','2026-02-02 13:26:54'),(6,'Condulli',NULL,NULL,NULL,NULL,1,'2026-02-02 13:27:01','2026-02-02 13:27:01'),(7,'Portal Log',NULL,NULL,NULL,NULL,1,'2026-02-02 13:27:08','2026-02-02 13:27:08'),(8,'DVR Araquari',NULL,NULL,NULL,NULL,1,'2026-02-03 20:16:40','2026-02-03 20:16:40'),(9,'Espace Center',NULL,NULL,NULL,NULL,1,'2026-02-03 20:17:09','2026-02-03 20:17:09'),(10,'Gran Floridian VGP',NULL,NULL,NULL,NULL,1,'2026-02-03 20:17:21','2026-02-03 20:17:21'),(11,'Logical Center Cotia',NULL,NULL,NULL,NULL,1,'2026-02-03 20:17:27','2026-02-03 20:17:27'),(12,'Logical Center Itapevi',NULL,NULL,NULL,NULL,1,'2026-02-03 20:17:34','2026-02-03 20:17:34'),(13,'Osasco Business Park',NULL,NULL,NULL,NULL,1,'2026-02-03 20:17:44','2026-02-03 20:17:44'),(14,'São Bento',NULL,NULL,NULL,NULL,1,'2026-02-03 20:18:06','2026-02-03 20:18:06'),(15,'VGP Business Park',NULL,NULL,NULL,NULL,1,'2026-02-03 20:18:15','2026-02-03 20:18:15'),(16,'Cabreúva BP',NULL,NULL,NULL,NULL,1,'2026-02-03 20:18:26','2026-02-03 20:18:26'),(17,'Edifício Artemis',NULL,NULL,NULL,NULL,1,'2026-02-03 20:18:34','2026-02-03 20:18:34'),(18,'St Antônio BP',NULL,NULL,NULL,NULL,1,'2026-02-03 20:18:45','2026-02-10 20:45:19'),(19,'Gran Floridian Jaguariúna ',NULL,NULL,NULL,NULL,1,'2026-02-03 20:18:57','2026-02-03 20:18:57'),(20,'Santana Business Park',NULL,NULL,NULL,NULL,1,'2026-02-03 20:19:07','2026-02-03 20:19:07'),(21,'Business Park Campinas',NULL,NULL,NULL,NULL,1,'2026-02-03 20:19:17','2026-02-03 20:19:17'),(22,'Retha Cajamar',NULL,NULL,NULL,NULL,1,'2026-02-03 20:19:25','2026-02-03 20:19:25'),(23,'Caieiras Log',NULL,NULL,NULL,NULL,1,'2026-02-03 20:19:37','2026-02-03 20:19:37'),(24,'CEAG',NULL,NULL,NULL,NULL,1,'2026-02-03 20:19:45','2026-02-03 20:19:45'),(25,'Icon Realty Itaquera',NULL,NULL,NULL,NULL,1,'2026-02-03 20:19:58','2026-02-03 20:19:58'),(26,'Pari Log Park',NULL,NULL,NULL,NULL,1,'2026-02-03 20:20:14','2026-02-03 20:20:14'),(27,'Praticittà',NULL,NULL,NULL,NULL,1,'2026-02-03 20:20:40','2026-02-03 20:20:40'),(28,'Santo André - BTG',NULL,NULL,NULL,NULL,1,'2026-02-03 20:21:30','2026-02-03 20:21:30'),(29,'Brasper Log',NULL,NULL,NULL,NULL,1,'2026-02-03 20:21:38','2026-02-03 20:21:38'),(30,'Vivarella Log',NULL,NULL,NULL,NULL,1,'2026-02-03 20:21:44','2026-02-03 20:21:44'),(31,'Condomínio São Paulo ',NULL,NULL,NULL,NULL,1,'2026-02-18 20:25:05','2026-02-18 20:25:05'),(32,'Condomínio Rio de Janeiro',NULL,NULL,NULL,NULL,1,'2026-02-18 20:25:14','2026-02-18 20:25:14'),(33,'Condomínio Minas Gerais',NULL,NULL,NULL,NULL,1,'2026-02-18 20:25:25','2026-02-18 20:25:25');
/*!40000 ALTER TABLE `condominios` ENABLE KEYS */;
UNLOCK TABLES;

--
-- Table structure for table `empresas`
--

DROP TABLE IF EXISTS `empresas`;
/*!40101 SET @saved_cs_client     = @@character_set_client */;
/*!50503 SET character_set_client = utf8mb4 */;
CREATE TABLE `empresas` (
  `id` int NOT NULL AUTO_INCREMENT,
  `nome` varchar(255) CHARACTER SET utf8mb4 COLLATE utf8mb4_unicode_ci NOT NULL,
  `cnpj` varchar(18) CHARACTER SET utf8mb4 COLLATE utf8mb4_unicode_ci DEFAULT NULL,
  `telefone` varchar(20) CHARACTER SET utf8mb4 COLLATE utf8mb4_unicode_ci DEFAULT NULL,
  `email` varchar(100) CHARACTER SET utf8mb4 COLLATE utf8mb4_unicode_ci DEFAULT NULL,
  `endereco` varchar(255) CHARACTER SET utf8mb4 COLLATE utf8mb4_unicode_ci DEFAULT NULL,
  `responsavel` varchar(100) CHARACTER SET utf8mb4 COLLATE utf8mb4_unicode_ci DEFAULT NULL,
  `ativo` tinyint(1) DEFAULT '1',
  `criado_em` timestamp NOT NULL DEFAULT CURRENT_TIMESTAMP,
  `atualizado_em` timestamp NOT NULL DEFAULT CURRENT_TIMESTAMP ON UPDATE CURRENT_TIMESTAMP,
  PRIMARY KEY (`id`)
) ENGINE=InnoDB AUTO_INCREMENT=7 DEFAULT CHARSET=utf8mb4 COLLATE=utf8mb4_unicode_ci;
/*!40101 SET character_set_client = @saved_cs_client */;

--
-- Dumping data for table `empresas`
--

LOCK TABLES `empresas` WRITE;
/*!40000 ALTER TABLE `empresas` DISABLE KEYS */;
INSERT INTO `empresas` VALUES (1,'Fernandes',NULL,NULL,NULL,NULL,NULL,1,'2026-01-29 20:06:51','2026-01-29 20:06:51'),(2,'Prevenção',NULL,NULL,NULL,NULL,NULL,1,'2026-01-29 20:22:18','2026-01-29 20:22:18'),(3,'PJ',NULL,NULL,NULL,NULL,NULL,1,'2026-02-04 14:27:01','2026-02-04 14:27:01'),(4,'AMP',NULL,NULL,NULL,NULL,NULL,1,'2026-02-04 14:27:07','2026-02-04 14:27:07'),(5,'Fake Segurança',NULL,NULL,NULL,NULL,NULL,1,'2026-02-18 20:28:38','2026-02-18 20:28:38'),(6,'Fake Limpeza',NULL,NULL,NULL,NULL,NULL,1,'2026-02-18 20:28:49','2026-02-18 20:28:49');
/*!40000 ALTER TABLE `empresas` ENABLE KEYS */;
UNLOCK TABLES;

--
-- Table structure for table `postos`
--

DROP TABLE IF EXISTS `postos`;
/*!40101 SET @saved_cs_client     = @@character_set_client */;
/*!50503 SET character_set_client = utf8mb4 */;
CREATE TABLE `postos` (
  `id` int NOT NULL AUTO_INCREMENT,
  `nome` varchar(255) CHARACTER SET utf8mb4 COLLATE utf8mb4_unicode_ci NOT NULL,
  `empresa_id` int DEFAULT NULL,
  `descricao` text CHARACTER SET utf8mb4 COLLATE utf8mb4_unicode_ci,
  `ativo` tinyint(1) DEFAULT '1',
  `criado_em` timestamp NOT NULL DEFAULT CURRENT_TIMESTAMP,
  `atualizado_em` timestamp NOT NULL DEFAULT CURRENT_TIMESTAMP ON UPDATE CURRENT_TIMESTAMP,
  PRIMARY KEY (`id`),
  UNIQUE KEY `unique_nome_global` (`nome`)
) ENGINE=InnoDB AUTO_INCREMENT=12 DEFAULT CHARSET=utf8mb4 COLLATE=utf8mb4_unicode_ci;
/*!40101 SET character_set_client = @saved_cs_client */;

--
-- Dumping data for table `postos`
--

LOCK TABLES `postos` WRITE;
/*!40000 ALTER TABLE `postos` DISABLE KEYS */;
INSERT INTO `postos` VALUES (1,'Manutenção',NULL,NULL,1,'2026-01-29 20:07:25','2026-01-29 20:07:25'),(2,'Limpeza',NULL,NULL,1,'2026-01-29 20:07:32','2026-01-29 20:07:32'),(3,'Jardinagem',NULL,NULL,1,'2026-01-29 20:08:28','2026-01-29 20:08:28'),(4,'Portaria',NULL,NULL,1,'2026-01-29 20:08:39','2026-01-29 20:08:39'),(5,'Auxiliar de Limpeza',NULL,NULL,1,'2026-01-29 20:18:14','2026-01-29 20:18:14'),(6,'Vigilante',NULL,NULL,1,'2026-01-29 20:24:05','2026-01-29 20:24:05'),(7,'Vigilante Líder',NULL,NULL,1,'2026-01-29 20:24:14','2026-01-29 20:24:14'),(8,'Recepção',NULL,NULL,1,'2026-01-29 20:26:16','2026-01-29 20:26:16'),(9,'Auxiliar de Monitoramento',NULL,NULL,1,'2026-01-29 20:26:30','2026-01-29 20:26:30'),(10,'Auxiliar de Manutenção',NULL,NULL,1,'2026-02-18 12:14:35','2026-02-18 12:14:35'),(11,'Controlador de Acesso',NULL,NULL,1,'2026-02-18 12:24:11','2026-02-18 12:24:11');
/*!40000 ALTER TABLE `postos` ENABLE KEYS */;
UNLOCK TABLES;

--
-- Table structure for table `presencas_diarias`
--

DROP TABLE IF EXISTS `presencas_diarias`;
/*!40101 SET @saved_cs_client     = @@character_set_client */;
/*!50503 SET character_set_client = utf8mb4 */;
CREATE TABLE `presencas_diarias` (
  `id` int NOT NULL AUTO_INCREMENT,
  `data` date NOT NULL,
  `colaborador_id` int NOT NULL,
  `condominio_id` int NOT NULL,
  `posto_id` int DEFAULT NULL,
  `status` enum('presente','falta','folga','atestado','ferias','em_cobertura') COLLATE utf8mb4_unicode_ci NOT NULL DEFAULT 'falta',
  `observacoes` text CHARACTER SET utf8mb4 COLLATE utf8mb4_unicode_ci,
  `criado_em` timestamp NOT NULL DEFAULT CURRENT_TIMESTAMP,
  `atualizado_em` timestamp NOT NULL DEFAULT CURRENT_TIMESTAMP ON UPDATE CURRENT_TIMESTAMP,
  `cobertura_id` int DEFAULT NULL,
  PRIMARY KEY (`id`),
  UNIQUE KEY `uniq_presenca` (`data`,`colaborador_id`,`posto_id`),
  KEY `posto_id` (`posto_id`),
  KEY `idx_data` (`data`),
  KEY `idx_colaborador` (`colaborador_id`),
  KEY `idx_condominio` (`condominio_id`),
  KEY `fk_pd_cobertura_colab` (`cobertura_id`),
  KEY `idx_presenca_cond_data_colab` (`condominio_id`,`data`,`colaborador_id`),
  CONSTRAINT `fk_pd_cobertura_colab` FOREIGN KEY (`cobertura_id`) REFERENCES `colaboradores` (`id`),
  CONSTRAINT `presencas_diarias_ibfk_1` FOREIGN KEY (`colaborador_id`) REFERENCES `colaboradores` (`id`) ON DELETE CASCADE,
  CONSTRAINT `presencas_diarias_ibfk_2` FOREIGN KEY (`condominio_id`) REFERENCES `condominios` (`id`) ON DELETE CASCADE,
  CONSTRAINT `presencas_diarias_ibfk_3` FOREIGN KEY (`posto_id`) REFERENCES `postos` (`id`) ON DELETE SET NULL
) ENGINE=InnoDB AUTO_INCREMENT=1749 DEFAULT CHARSET=utf8mb4 COLLATE=utf8mb4_unicode_ci;
/*!40101 SET character_set_client = @saved_cs_client */;

--
-- Dumping data for table `presencas_diarias`
--

LOCK TABLES `presencas_diarias` WRITE;
/*!40000 ALTER TABLE `presencas_diarias` DISABLE KEYS */;
INSERT INTO `presencas_diarias` VALUES (1,'2026-02-04',20,26,4,'presente',NULL,'2026-02-04 13:51:34','2026-02-04 13:51:34',NULL),(2,'2026-02-04',22,26,1,'presente',NULL,'2026-02-04 13:51:34','2026-02-04 13:51:34',NULL),(3,'2026-02-04',21,26,8,'presente',NULL,'2026-02-04 13:51:34','2026-02-04 13:51:34',NULL),(4,'2026-02-03',20,26,4,'presente',NULL,'2026-02-04 13:52:29','2026-02-04 13:52:29',NULL),(5,'2026-02-03',22,26,1,'presente',NULL,'2026-02-04 13:52:29','2026-02-04 13:52:29',NULL),(6,'2026-02-03',21,26,8,'presente',NULL,'2026-02-04 13:53:16','2026-02-04 13:53:16',NULL),(7,'2026-02-02',20,26,4,'presente',NULL,'2026-02-04 13:56:35','2026-02-04 13:56:35',NULL),(8,'2026-02-02',22,26,1,'presente',NULL,'2026-02-04 13:56:35','2026-02-04 13:56:35',NULL),(9,'2026-02-02',21,26,8,'presente',NULL,'2026-02-04 13:56:35','2026-02-04 13:56:35',NULL),(10,'2026-02-01',54,11,6,'presente',NULL,'2026-02-04 14:45:45','2026-02-04 14:45:45',NULL),(11,'2026-02-01',53,11,6,'presente',NULL,'2026-02-04 14:45:45','2026-02-04 14:45:45',NULL),(12,'2026-02-01',48,11,4,'presente',NULL,'2026-02-04 14:45:45','2026-02-04 14:45:45',NULL),(13,'2026-02-01',50,11,6,'presente',NULL,'2026-02-04 14:45:45','2026-02-04 14:45:45',NULL),(14,'2026-02-02',54,11,6,'presente',NULL,'2026-02-04 14:47:10','2026-02-04 14:47:10',NULL),(15,'2026-02-02',53,11,6,'presente',NULL,'2026-02-04 14:47:10','2026-02-04 14:47:10',NULL),(16,'2026-02-02',49,11,6,'presente',NULL,'2026-02-04 14:47:28','2026-02-04 14:47:28',NULL),(17,'2026-02-02',48,11,4,'presente',NULL,'2026-02-04 14:47:28','2026-02-04 14:47:28',NULL),(18,'2026-02-03',47,11,4,'presente',NULL,'2026-02-04 14:48:47','2026-02-04 14:48:47',NULL),(19,'2026-02-03',51,11,1,'presente',NULL,'2026-02-04 14:48:47','2026-02-04 14:48:47',NULL),(20,'2026-02-03',54,11,6,'presente',NULL,'2026-02-04 14:48:47','2026-02-04 14:48:47',NULL),(21,'2026-02-03',52,11,3,'presente',NULL,'2026-02-04 14:48:47','2026-02-04 14:48:47',NULL),(22,'2026-02-03',49,11,6,'presente',NULL,'2026-02-04 14:49:01','2026-02-04 14:49:01',NULL),(23,'2026-02-03',50,11,6,'presente',NULL,'2026-02-04 14:49:01','2026-02-04 14:49:01',NULL),(24,'2026-02-04',47,11,4,'presente',NULL,'2026-02-04 14:49:54','2026-02-04 14:49:54',NULL),(25,'2026-02-04',51,11,1,'presente',NULL,'2026-02-04 14:49:54','2026-02-04 14:49:54',NULL),(26,'2026-02-04',53,11,6,'presente',NULL,'2026-02-04 14:49:54','2026-02-04 14:49:54',NULL),(27,'2026-02-04',52,11,3,'presente',NULL,'2026-02-04 14:49:54','2026-02-04 14:49:54',NULL),(28,'2026-02-01',49,11,6,'folga',NULL,'2026-02-04 14:52:26','2026-02-04 14:52:26',NULL),(29,'2026-02-01',47,11,4,'folga',NULL,'2026-02-04 14:52:26','2026-02-04 14:52:26',NULL),(30,'2026-02-01',51,11,1,'folga',NULL,'2026-02-04 14:52:26','2026-02-04 14:52:26',NULL),(31,'2026-02-01',52,11,3,'folga',NULL,'2026-02-04 14:52:26','2026-02-04 14:52:26',NULL),(32,'2026-02-02',47,11,4,'folga',NULL,'2026-02-04 14:56:38','2026-02-04 14:56:38',NULL),(33,'2026-02-02',51,11,1,'folga',NULL,'2026-02-04 14:56:38','2026-02-04 14:56:38',NULL),(34,'2026-02-02',52,11,3,'folga',NULL,'2026-02-04 14:56:38','2026-02-04 14:56:38',NULL),(35,'2026-02-02',50,11,6,'folga',NULL,'2026-02-04 14:56:38','2026-02-04 14:56:38',NULL),(36,'2026-02-03',53,11,6,'folga',NULL,'2026-02-04 14:59:11','2026-02-04 14:59:11',NULL),(37,'2026-02-03',48,11,4,'folga',NULL,'2026-02-04 14:59:11','2026-02-04 14:59:11',NULL),(38,'2026-02-01',27,23,4,'presente',NULL,'2026-02-04 15:00:56','2026-02-04 15:00:56',NULL),(39,'2026-02-01',35,23,1,'folga',NULL,'2026-02-04 15:00:56','2026-02-04 15:00:56',NULL),(40,'2026-02-01',28,23,4,'folga',NULL,'2026-02-04 15:00:56','2026-02-04 15:00:56',NULL),(41,'2026-02-01',29,23,4,'presente',NULL,'2026-02-04 15:00:56','2026-02-04 15:00:56',NULL),(42,'2026-02-01',31,23,6,'folga',NULL,'2026-02-04 15:00:56','2026-02-04 15:00:56',NULL),(43,'2026-02-01',30,23,4,'presente',NULL,'2026-02-04 15:00:56','2026-02-04 15:00:56',NULL),(44,'2026-02-01',34,23,1,'folga',NULL,'2026-02-04 15:00:56','2026-02-04 15:00:56',NULL),(45,'2026-02-01',33,23,6,'folga',NULL,'2026-02-04 15:00:56','2026-02-04 15:00:56',NULL),(46,'2026-02-01',32,23,6,'presente',NULL,'2026-02-04 15:00:56','2026-02-04 15:00:56',NULL),(47,'2026-02-01',56,23,6,'folga',NULL,'2026-02-04 15:03:37','2026-02-04 15:03:37',NULL),(48,'2026-02-02',35,23,1,'presente',NULL,'2026-02-04 15:05:12','2026-02-04 15:05:12',NULL),(49,'2026-02-02',28,23,4,'presente',NULL,'2026-02-04 15:05:12','2026-02-04 15:05:12',NULL),(50,'2026-02-02',34,23,1,'presente',NULL,'2026-02-04 15:05:12','2026-02-04 15:05:12',NULL),(51,'2026-02-02',33,23,6,'ferias',NULL,'2026-02-04 15:05:12','2026-02-04 15:05:12',55),(52,'2026-02-02',55,23,6,'presente',NULL,'2026-02-04 15:05:12','2026-02-04 15:05:12',NULL),(53,'2026-02-02',56,23,6,'presente',NULL,'2026-02-04 15:05:12','2026-02-04 15:05:12',NULL),(54,'2026-02-01',57,23,1,'folga',NULL,'2026-02-04 15:06:05','2026-02-04 15:06:05',NULL),(55,'2026-02-02',57,23,1,'presente',NULL,'2026-02-04 15:08:34','2026-02-04 15:08:34',NULL),(56,'2026-02-02',29,23,4,'presente',NULL,'2026-02-04 15:08:34','2026-02-04 15:08:34',NULL),(57,'2026-02-02',31,23,6,'folga',NULL,'2026-02-04 15:08:34','2026-02-04 15:08:34',NULL),(58,'2026-02-02',30,23,4,'folga',NULL,'2026-02-04 15:08:34','2026-02-04 15:08:34',NULL),(59,'2026-02-02',32,23,6,'folga',NULL,'2026-02-04 15:08:34','2026-02-04 15:08:34',NULL),(60,'2026-02-03',27,23,4,'presente',NULL,'2026-02-04 17:12:21','2026-02-04 17:12:21',NULL),(61,'2026-02-03',35,23,1,'presente',NULL,'2026-02-04 17:12:21','2026-02-04 17:12:21',NULL),(62,'2026-02-03',28,23,4,'folga',NULL,'2026-02-04 17:12:21','2026-02-04 17:12:21',NULL),(63,'2026-02-03',57,23,1,'presente',NULL,'2026-02-04 17:12:21','2026-02-04 17:12:21',NULL),(64,'2026-02-03',29,23,4,'presente',NULL,'2026-02-04 17:12:21','2026-02-04 17:12:21',NULL),(65,'2026-02-03',31,23,6,'presente',NULL,'2026-02-04 17:12:21','2026-02-04 17:12:21',NULL),(66,'2026-02-03',30,23,4,'folga',NULL,'2026-02-04 17:12:21','2026-02-04 17:12:21',NULL),(67,'2026-02-03',34,23,1,'presente',NULL,'2026-02-04 17:12:21','2026-02-04 17:12:21',NULL),(68,'2026-02-03',33,23,6,'ferias',NULL,'2026-02-04 17:12:21','2026-02-04 17:12:21',55),(69,'2026-02-03',55,23,6,'presente',NULL,'2026-02-04 17:12:21','2026-02-04 17:12:21',NULL),(70,'2026-02-03',32,23,6,'folga',NULL,'2026-02-04 17:12:21','2026-02-04 17:12:21',NULL),(71,'2026-02-03',56,23,6,'folga',NULL,'2026-02-04 17:12:21','2026-02-04 17:12:21',NULL),(72,'2026-02-04',35,23,1,'falta',NULL,'2026-02-04 17:13:26','2026-02-04 17:13:26',NULL),(73,'2026-02-04',28,23,4,'presente',NULL,'2026-02-04 17:13:26','2026-02-04 17:13:26',NULL),(74,'2026-02-04',57,23,1,'presente',NULL,'2026-02-04 17:13:26','2026-02-04 17:13:26',NULL),(75,'2026-02-04',34,23,1,'presente',NULL,'2026-02-04 17:13:26','2026-02-04 17:13:26',NULL),(76,'2026-02-04',56,23,6,'presente',NULL,'2026-02-04 17:13:26','2026-02-04 17:13:26',NULL),(77,'2026-02-01',25,26,8,'presente',NULL,'2026-02-04 17:30:50','2026-02-04 17:30:50',NULL),(78,'2026-02-01',26,26,2,'folga',NULL,'2026-02-04 17:30:50','2026-02-04 17:30:50',NULL),(79,'2026-02-01',22,26,1,'folga',NULL,'2026-02-04 17:30:50','2026-02-04 17:30:50',NULL),(80,'2026-02-01',24,26,4,'folga',NULL,'2026-02-04 17:30:50','2026-02-04 17:30:50',NULL),(81,'2026-02-01',20,26,4,'presente',NULL,'2026-02-04 17:31:01','2026-02-04 17:31:01',NULL),(82,'2026-02-01',21,26,8,'presente',NULL,'2026-02-04 17:31:15','2026-02-04 17:31:15',NULL),(87,'2026-02-02',25,26,8,'presente',NULL,'2026-02-04 17:33:14','2026-02-04 17:33:14',NULL),(88,'2026-02-02',26,26,2,'presente',NULL,'2026-02-04 17:33:14','2026-02-04 17:33:14',NULL),(89,'2026-02-02',24,26,4,'folga',NULL,'2026-02-04 17:33:14','2026-02-04 17:33:14',NULL),(106,'2026-02-03',25,26,8,'presente',NULL,'2026-02-04 17:35:45','2026-02-04 17:35:45',NULL),(107,'2026-02-03',26,26,2,'presente',NULL,'2026-02-04 17:35:45','2026-02-04 17:35:45',NULL),(108,'2026-02-03',24,26,4,'presente',NULL,'2026-02-04 17:35:45','2026-02-04 17:35:45',NULL),(109,'2026-02-04',26,26,2,'presente',NULL,'2026-02-04 17:46:05','2026-02-04 17:46:05',NULL),(110,'2026-02-04',43,18,4,'presente',NULL,'2026-02-04 17:55:52','2026-02-04 17:55:52',NULL),(111,'2026-02-04',36,18,6,'presente',NULL,'2026-02-04 17:55:52','2026-02-04 17:55:52',NULL),(112,'2026-02-04',38,18,6,'presente',NULL,'2026-02-04 17:55:52','2026-02-04 17:55:52',NULL),(113,'2026-02-04',46,18,1,'presente',NULL,'2026-02-04 17:55:52','2026-02-04 17:55:52',NULL),(114,'2026-02-01',43,18,4,'folga',NULL,'2026-02-04 17:57:13','2026-02-04 17:57:13',NULL),(115,'2026-02-01',40,18,6,'presente',NULL,'2026-02-04 17:57:13','2026-02-04 17:57:13',NULL),(116,'2026-02-01',38,18,6,'folga',NULL,'2026-02-04 17:57:13','2026-02-04 17:57:13',NULL),(117,'2026-02-01',42,18,4,'presente',NULL,'2026-02-04 17:57:13','2026-02-04 17:57:13',NULL),(118,'2026-02-01',46,18,1,'folga',NULL,'2026-02-04 17:57:13','2026-02-04 17:57:13',NULL),(119,'2026-02-01',41,18,4,'presente',NULL,'2026-02-04 17:57:13','2026-02-04 17:57:13',NULL),(120,'2026-02-01',39,18,6,'folga',NULL,'2026-02-04 17:57:13','2026-02-04 17:57:13',NULL),(121,'2026-02-01',45,18,4,'folga',NULL,'2026-02-04 17:57:13','2026-02-04 17:57:13',NULL),(122,'2026-02-01',36,18,6,'folga',NULL,'2026-02-04 17:57:27','2026-02-04 17:57:27',NULL),(123,'2026-02-01',44,18,4,'folga',NULL,'2026-02-04 17:57:27','2026-02-04 17:57:27',NULL),(124,'2026-02-02',43,18,4,'presente',NULL,'2026-02-04 18:07:26','2026-02-04 18:07:26',NULL),(125,'2026-02-02',38,18,6,'presente',NULL,'2026-02-04 18:07:26','2026-02-04 18:07:26',NULL),(126,'2026-02-02',46,18,1,'presente',NULL,'2026-02-04 18:07:26','2026-02-04 18:07:26',NULL),(127,'2026-02-02',41,18,4,'presente',NULL,'2026-02-04 18:07:26','2026-02-04 18:07:26',NULL),(128,'2026-02-02',39,18,6,'ferias',NULL,'2026-02-04 18:07:26','2026-02-04 18:07:26',58),(129,'2026-02-02',58,18,6,'presente',NULL,'2026-02-04 18:07:26','2026-02-04 18:07:26',NULL),(130,'2026-02-02',45,18,4,'falta','MAYCON COBRIU','2026-02-04 18:07:26','2026-02-04 18:07:26',NULL),(131,'2026-02-02',36,18,6,'folga',NULL,'2026-02-04 18:13:23','2026-02-04 18:13:23',NULL),(132,'2026-02-02',40,18,6,'folga',NULL,'2026-02-04 18:13:23','2026-02-04 18:13:23',NULL),(133,'2026-02-02',42,18,4,'folga',NULL,'2026-02-04 18:13:23','2026-02-04 18:13:23',NULL),(134,'2026-02-02',44,18,4,'presente',NULL,'2026-02-04 18:13:23','2026-02-04 18:13:23',NULL),(135,'2026-02-03',43,18,4,'presente',NULL,'2026-02-04 18:15:18','2026-02-04 18:15:18',NULL),(136,'2026-02-03',36,18,6,'presente',NULL,'2026-02-04 18:15:18','2026-02-04 18:15:18',NULL),(137,'2026-02-03',40,18,6,'presente',NULL,'2026-02-04 18:15:18','2026-02-04 18:15:18',NULL),(138,'2026-02-03',38,18,6,'folga',NULL,'2026-02-04 18:15:18','2026-02-04 18:15:18',NULL),(139,'2026-02-03',42,18,4,'presente',NULL,'2026-02-04 18:15:18','2026-02-04 18:15:18',NULL),(140,'2026-02-03',46,18,1,'presente',NULL,'2026-02-04 18:15:18','2026-02-04 18:15:18',NULL),(141,'2026-02-03',44,18,4,'folga',NULL,'2026-02-04 18:15:18','2026-02-04 18:15:18',NULL),(142,'2026-02-03',41,18,4,'presente',NULL,'2026-02-04 18:15:18','2026-02-04 18:15:18',NULL),(143,'2026-02-03',39,18,6,'ferias',NULL,'2026-02-04 18:15:18','2026-02-04 18:15:18',NULL),(144,'2026-02-03',45,18,4,'falta','danilo marques cobrindo','2026-02-04 18:15:18','2026-02-04 18:15:18',NULL),(145,'2026-02-01',66,28,4,'presente',NULL,'2026-02-04 18:29:04','2026-02-04 18:29:04',NULL),(146,'2026-02-01',65,28,6,'presente',NULL,'2026-02-04 18:29:04','2026-02-04 18:29:04',NULL),(147,'2026-02-01',60,28,6,'folga',NULL,'2026-02-04 18:29:04','2026-02-04 18:29:04',NULL),(148,'2026-02-01',61,28,6,'folga',NULL,'2026-02-04 18:29:04','2026-02-04 18:29:04',NULL),(149,'2026-02-01',63,28,6,'presente',NULL,'2026-02-04 18:29:04','2026-02-04 18:29:04',NULL),(150,'2026-02-01',59,28,4,'folga',NULL,'2026-02-04 18:29:04','2026-02-04 18:29:04',NULL),(151,'2026-02-01',64,28,4,'presente',NULL,'2026-02-04 18:29:04','2026-02-04 18:29:04',NULL),(152,'2026-02-01',62,28,4,'folga',NULL,'2026-02-04 18:29:34','2026-02-04 18:29:34',NULL),(153,'2026-02-01',67,28,1,'folga',NULL,'2026-02-04 18:46:17','2026-02-04 18:46:17',NULL),(154,'2026-02-03',60,28,6,'presente',NULL,'2026-02-04 18:47:02','2026-02-04 18:47:02',NULL),(155,'2026-02-03',59,28,4,'presente',NULL,'2026-02-04 18:47:02','2026-02-04 18:47:02',NULL),(156,'2026-02-03',64,28,4,'folga',NULL,'2026-02-04 18:47:02','2026-02-04 18:47:02',NULL),(157,'2026-02-03',67,28,1,'presente',NULL,'2026-02-04 18:47:02','2026-02-04 18:47:02',NULL),(158,'2026-02-02',62,28,4,'presente',NULL,'2026-02-04 18:48:22','2026-02-04 18:48:22',NULL),(159,'2026-02-02',66,28,4,'folga',NULL,'2026-02-04 18:48:22','2026-02-04 18:48:22',NULL),(160,'2026-02-02',65,28,6,'folga',NULL,'2026-02-04 18:48:22','2026-02-04 18:48:22',NULL),(161,'2026-02-02',60,28,6,'folga',NULL,'2026-02-04 18:48:22','2026-02-04 18:48:22',NULL),(162,'2026-02-02',61,28,6,'presente',NULL,'2026-02-04 18:48:22','2026-02-04 18:48:22',NULL),(163,'2026-02-02',63,28,6,'presente',NULL,'2026-02-04 18:48:22','2026-02-04 18:48:22',NULL),(164,'2026-02-02',64,28,4,'presente',NULL,'2026-02-04 18:48:22','2026-02-04 18:48:22',NULL),(165,'2026-02-02',67,28,1,'presente',NULL,'2026-02-04 18:48:22','2026-02-04 18:48:22',NULL),(166,'2026-02-02',59,28,4,'folga',NULL,'2026-02-04 18:50:22','2026-02-04 18:50:22',NULL),(167,'2026-02-02',68,28,1,'presente',NULL,'2026-02-04 18:50:22','2026-02-04 18:50:22',NULL),(168,'2026-02-01',68,28,1,'folga',NULL,'2026-02-04 18:52:37','2026-02-04 18:52:37',NULL),(169,'2026-02-01',75,14,4,'presente',NULL,'2026-02-04 20:25:54','2026-02-04 20:25:54',NULL),(170,'2026-02-01',79,14,8,'presente',NULL,'2026-02-04 20:25:54','2026-02-04 20:25:54',NULL),(171,'2026-02-01',80,14,1,'falta',NULL,'2026-02-04 20:25:54','2026-02-04 20:25:54',NULL),(172,'2026-02-01',76,14,4,'folga',NULL,'2026-02-04 20:25:54','2026-02-04 20:25:54',NULL),(173,'2026-02-01',77,14,4,'folga',NULL,'2026-02-04 20:25:54','2026-02-04 20:25:54',NULL),(174,'2026-02-01',78,14,4,'presente',NULL,'2026-02-04 20:25:54','2026-02-04 20:25:54',NULL),(175,'2026-02-02',75,14,4,'folga',NULL,'2026-02-04 20:28:35','2026-02-04 20:28:35',NULL),(176,'2026-02-02',79,14,8,'folga',NULL,'2026-02-04 20:28:35','2026-02-04 20:28:35',NULL),(177,'2026-02-02',80,14,1,'folga',NULL,'2026-02-04 20:28:35','2026-02-04 20:28:35',NULL),(178,'2026-02-02',76,14,4,'folga',NULL,'2026-02-04 20:28:35','2026-02-04 20:28:35',NULL),(179,'2026-02-02',77,14,4,'folga',NULL,'2026-02-04 20:28:35','2026-02-04 20:28:35',NULL),(180,'2026-02-02',78,14,4,'presente',NULL,'2026-02-04 20:28:35','2026-02-04 20:28:35',NULL),(181,'2026-02-03',75,14,4,'folga',NULL,'2026-02-04 20:29:31','2026-02-04 20:29:31',NULL),(182,'2026-02-03',79,14,8,'presente',NULL,'2026-02-04 20:29:31','2026-02-04 20:29:31',NULL),(183,'2026-02-03',80,14,1,'falta',NULL,'2026-02-04 20:29:31','2026-02-04 20:29:31',82),(184,'2026-02-03',82,14,1,'presente',NULL,'2026-02-04 20:29:31','2026-02-04 20:29:31',NULL),(185,'2026-02-03',76,14,4,'folga',NULL,'2026-02-04 20:29:31','2026-02-04 20:29:31',NULL),(186,'2026-02-03',77,14,4,'folga',NULL,'2026-02-04 20:29:31','2026-02-04 20:29:31',NULL),(187,'2026-02-03',78,14,4,'presente',NULL,'2026-02-04 20:29:31','2026-02-04 20:29:31',NULL),(188,'2026-02-04',75,14,4,'presente',NULL,'2026-02-04 20:29:58','2026-02-04 20:29:58',NULL),(189,'2026-02-04',79,14,8,'presente',NULL,'2026-02-04 20:29:58','2026-02-04 20:29:58',NULL),(190,'2026-02-04',80,14,1,'falta',NULL,'2026-02-04 20:29:58','2026-02-04 20:29:58',82),(191,'2026-02-04',82,14,1,'presente',NULL,'2026-02-04 20:29:58','2026-02-04 20:29:58',NULL),(192,'2026-02-01',89,25,6,'folga',NULL,'2026-02-04 20:41:54','2026-02-04 20:41:54',NULL),(193,'2026-02-01',90,25,6,'presente',NULL,'2026-02-04 20:41:54','2026-02-04 20:41:54',NULL),(194,'2026-02-01',83,25,4,'presente',NULL,'2026-02-04 20:41:54','2026-02-04 20:41:54',NULL),(195,'2026-02-01',84,25,4,'folga',NULL,'2026-02-04 20:41:54','2026-02-04 20:41:54',NULL),(196,'2026-02-01',87,25,6,'folga',NULL,'2026-02-04 20:41:54','2026-02-04 20:41:54',NULL),(197,'2026-02-01',88,25,6,'presente',NULL,'2026-02-04 20:41:54','2026-02-04 20:41:54',NULL),(198,'2026-02-01',85,25,4,'folga',NULL,'2026-02-04 20:41:54','2026-02-04 20:41:54',NULL),(199,'2026-02-01',86,25,4,'presente',NULL,'2026-02-04 20:41:54','2026-02-04 20:41:54',NULL),(200,'2026-02-02',91,25,6,'presente',NULL,'2026-02-04 20:44:43','2026-02-04 20:44:43',NULL),(201,'2026-02-02',92,25,1,'presente',NULL,'2026-02-04 20:44:43','2026-02-04 20:44:43',NULL),(202,'2026-02-02',89,25,6,'presente',NULL,'2026-02-04 20:44:43','2026-02-04 20:44:43',NULL),(203,'2026-02-02',90,25,6,'folga',NULL,'2026-02-04 20:44:43','2026-02-04 20:44:43',NULL),(204,'2026-02-02',93,25,2,'presente',NULL,'2026-02-04 20:44:43','2026-02-04 20:44:43',NULL),(205,'2026-02-02',83,25,4,'presente',NULL,'2026-02-04 20:44:43','2026-02-04 20:44:43',NULL),(206,'2026-02-02',84,25,4,'folga',NULL,'2026-02-04 20:44:43','2026-02-04 20:44:43',NULL),(207,'2026-02-02',87,25,6,'folga',NULL,'2026-02-04 20:44:43','2026-02-04 20:44:43',NULL),(208,'2026-02-02',88,25,6,'folga',NULL,'2026-02-04 20:44:43','2026-02-04 20:44:43',NULL),(209,'2026-02-02',85,25,4,'presente',NULL,'2026-02-04 20:44:43','2026-02-04 20:44:43',NULL),(210,'2026-02-02',86,25,4,'folga',NULL,'2026-02-04 20:44:43','2026-02-04 20:44:43',NULL),(215,'2026-02-01',91,25,6,'presente',NULL,'2026-02-04 20:46:56','2026-02-04 20:46:56',NULL),(216,'2026-02-01',92,25,1,'presente',NULL,'2026-02-04 20:46:56','2026-02-04 20:46:56',NULL),(217,'2026-02-01',93,25,2,'presente',NULL,'2026-02-04 20:46:56','2026-02-04 20:46:56',NULL),(218,'2026-02-03',84,25,4,'presente',NULL,'2026-02-04 20:47:47','2026-02-04 20:47:47',NULL),(219,'2026-02-03',91,25,6,'presente',NULL,'2026-02-04 20:48:45','2026-02-04 20:48:45',NULL),(220,'2026-02-03',92,25,1,'presente',NULL,'2026-02-04 20:48:45','2026-02-04 20:48:45',NULL),(221,'2026-02-03',89,25,6,'folga',NULL,'2026-02-04 20:48:45','2026-02-04 20:48:45',NULL),(222,'2026-02-03',90,25,6,'presente',NULL,'2026-02-04 20:48:45','2026-02-04 20:48:45',NULL),(223,'2026-02-03',93,25,2,'presente',NULL,'2026-02-04 20:48:45','2026-02-04 20:48:45',NULL),(224,'2026-02-03',83,25,4,'folga',NULL,'2026-02-04 20:48:45','2026-02-04 20:48:45',NULL),(225,'2026-02-03',87,25,6,'folga',NULL,'2026-02-04 20:48:45','2026-02-04 20:48:45',NULL),(226,'2026-02-03',88,25,6,'presente',NULL,'2026-02-04 20:48:45','2026-02-04 20:48:45',NULL),(227,'2026-02-03',85,25,4,'folga',NULL,'2026-02-04 20:48:45','2026-02-04 20:48:45',NULL),(228,'2026-02-03',86,25,4,'presente',NULL,'2026-02-04 20:48:45','2026-02-04 20:48:45',NULL),(229,'2026-02-04',91,25,6,'folga',NULL,'2026-02-04 20:50:52','2026-02-04 20:50:52',NULL),(230,'2026-02-04',92,25,1,'presente',NULL,'2026-02-04 20:50:52','2026-02-04 20:50:52',NULL),(231,'2026-02-04',93,25,2,'presente',NULL,'2026-02-04 20:50:52','2026-02-04 20:50:52',NULL),(232,'2026-02-04',83,25,4,'presente',NULL,'2026-02-04 20:50:52','2026-02-04 20:50:52',NULL),(233,'2026-02-04',87,25,6,'presente',NULL,'2026-02-04 20:50:52','2026-02-04 20:50:52',NULL),(234,'2026-02-04',25,26,8,'folga',NULL,'2026-02-05 11:22:35','2026-02-05 11:22:35',NULL),(235,'2026-02-04',24,26,4,'presente',NULL,'2026-02-05 11:22:35','2026-02-05 11:22:35',NULL),(236,'2026-02-05',94,26,8,'presente',NULL,'2026-02-05 11:24:12','2026-02-05 11:24:12',NULL),(237,'2026-02-05',26,26,2,'presente',NULL,'2026-02-05 11:24:12','2026-02-05 11:24:12',NULL),(238,'2026-02-05',20,26,4,'presente',NULL,'2026-02-05 11:24:12','2026-02-05 11:24:12',NULL),(239,'2026-02-05',22,26,1,'presente',NULL,'2026-02-05 11:24:12','2026-02-05 11:24:12',NULL),(240,'2026-02-05',21,26,8,'presente',NULL,'2026-02-05 11:24:12','2026-02-05 11:24:12',NULL),(241,'2026-02-01',94,26,8,'folga',NULL,'2026-02-05 11:26:39','2026-02-05 11:26:39',NULL),(244,'2026-02-02',94,26,8,'folga',NULL,'2026-02-05 11:27:54','2026-02-05 11:27:54',NULL),(245,'2026-02-03',94,26,8,'folga',NULL,'2026-02-05 11:29:14','2026-02-05 11:29:14',NULL),(246,'2026-02-04',94,26,8,'folga',NULL,'2026-02-05 11:30:42','2026-02-05 11:30:42',NULL),(251,'2026-02-03',62,28,4,'folga',NULL,'2026-02-05 11:33:39','2026-02-05 11:33:39',NULL),(252,'2026-02-03',66,28,4,'folga',NULL,'2026-02-05 11:33:39','2026-02-05 11:33:39',NULL),(253,'2026-02-03',65,28,6,'folga',NULL,'2026-02-05 11:33:39','2026-02-05 11:33:39',NULL),(254,'2026-02-03',61,28,6,'folga',NULL,'2026-02-05 11:33:39','2026-02-05 11:33:39',NULL),(255,'2026-02-03',63,28,6,'presente',NULL,'2026-02-05 11:33:39','2026-02-05 11:33:39',NULL),(256,'2026-02-03',68,28,1,'folga',NULL,'2026-02-05 11:33:39','2026-02-05 11:33:39',NULL),(257,'2026-02-04',49,11,6,'presente',NULL,'2026-02-05 11:34:34','2026-02-05 11:34:34',NULL),(258,'2026-02-04',54,11,6,'folga',NULL,'2026-02-05 11:34:34','2026-02-05 11:34:34',NULL),(259,'2026-02-04',48,11,4,'presente',NULL,'2026-02-05 11:34:34','2026-02-05 11:34:34',NULL),(260,'2026-02-04',50,11,6,'folga',NULL,'2026-02-05 11:34:34','2026-02-05 11:34:34',NULL),(261,'2026-02-05',47,11,4,'presente',NULL,'2026-02-05 11:34:57','2026-02-05 11:34:57',NULL),(262,'2026-02-05',51,11,1,'presente',NULL,'2026-02-05 11:34:57','2026-02-05 11:34:57',NULL),(263,'2026-02-05',54,11,6,'presente',NULL,'2026-02-05 11:34:57','2026-02-05 11:34:57',NULL),(264,'2026-02-05',52,11,3,'presente',NULL,'2026-02-05 11:34:57','2026-02-05 11:34:57',NULL),(265,'2026-02-05',49,11,6,'folga',NULL,'2026-02-06 11:41:00','2026-02-06 11:41:00',NULL),(266,'2026-02-05',53,11,6,'folga',NULL,'2026-02-06 11:41:00','2026-02-06 11:41:00',NULL),(267,'2026-02-05',48,11,4,'presente',NULL,'2026-02-06 11:41:00','2026-02-06 11:41:00',NULL),(268,'2026-02-05',50,11,6,'presente',NULL,'2026-02-06 11:41:00','2026-02-06 11:41:00',NULL),(269,'2026-02-06',47,11,4,'presente',NULL,'2026-02-06 11:41:19','2026-02-06 11:41:19',NULL),(270,'2026-02-06',51,11,1,'presente',NULL,'2026-02-06 11:41:19','2026-02-06 11:41:19',NULL),(271,'2026-02-06',53,11,6,'presente',NULL,'2026-02-06 11:41:19','2026-02-06 11:41:19',NULL),(272,'2026-02-06',52,11,3,'presente',NULL,'2026-02-06 11:41:19','2026-02-06 11:41:19',NULL),(273,'2026-02-01',95,18,6,'folga',NULL,'2026-02-06 11:52:29','2026-02-06 11:52:29',NULL),(274,'2026-02-03',95,18,6,'presente',NULL,'2026-02-06 11:52:56','2026-02-06 11:52:56',NULL),(275,'2026-02-04',40,18,6,'folga',NULL,'2026-02-06 11:54:02','2026-02-06 11:54:02',NULL),(276,'2026-02-04',42,18,4,'folga',NULL,'2026-02-06 11:54:02','2026-02-06 11:54:02',NULL),(277,'2026-02-04',95,18,6,'presente',NULL,'2026-02-06 11:54:02','2026-02-06 11:54:02',NULL),(278,'2026-02-04',44,18,4,'presente',NULL,'2026-02-06 11:54:02','2026-02-06 11:54:02',NULL),(279,'2026-02-04',41,18,4,'folga',NULL,'2026-02-06 11:54:02','2026-02-06 11:54:02',NULL),(280,'2026-02-04',39,18,6,'folga',NULL,'2026-02-06 11:54:02','2026-02-06 11:54:02',NULL),(281,'2026-02-04',45,18,4,'falta',NULL,'2026-02-06 11:54:02','2026-02-06 11:54:02',NULL),(282,'2026-02-05',43,18,4,'presente',NULL,'2026-02-06 11:56:05','2026-02-06 11:56:05',NULL),(283,'2026-02-05',36,18,6,'presente',NULL,'2026-02-06 11:56:05','2026-02-06 11:56:05',NULL),(284,'2026-02-05',40,18,6,'presente',NULL,'2026-02-06 11:56:05','2026-02-06 11:56:05',NULL),(285,'2026-02-05',38,18,6,'folga',NULL,'2026-02-06 11:56:05','2026-02-06 11:56:05',NULL),(286,'2026-02-05',42,18,4,'presente',NULL,'2026-02-06 11:56:05','2026-02-06 11:56:05',NULL),(287,'2026-02-05',95,18,6,'folga',NULL,'2026-02-06 11:56:05','2026-02-06 11:56:05',NULL),(288,'2026-02-05',46,18,1,'presente',NULL,'2026-02-06 11:56:05','2026-02-06 11:56:05',NULL),(289,'2026-02-05',44,18,4,'folga',NULL,'2026-02-06 11:56:05','2026-02-06 11:56:05',NULL),(290,'2026-02-05',41,18,4,'presente',NULL,'2026-02-06 11:56:05','2026-02-06 11:56:05',NULL),(291,'2026-02-05',39,18,6,'folga',NULL,'2026-02-06 11:56:05','2026-02-06 11:56:05',NULL),(292,'2026-02-05',45,18,4,'falta',NULL,'2026-02-06 11:56:05','2026-02-06 11:56:05',NULL),(293,'2026-02-06',43,18,4,'presente',NULL,'2026-02-06 11:56:22','2026-02-06 11:56:22',NULL),(294,'2026-02-06',38,18,6,'presente',NULL,'2026-02-06 11:56:22','2026-02-06 11:56:22',NULL),(295,'2026-02-06',46,18,1,'presente',NULL,'2026-02-06 11:56:22','2026-02-06 11:56:22',NULL),(296,'2026-02-06',45,18,4,'presente',NULL,'2026-02-06 11:56:22','2026-02-06 11:56:22',NULL),(297,'2026-02-04',62,28,4,'presente',NULL,'2026-02-06 12:14:11','2026-02-06 12:14:11',NULL),(298,'2026-02-04',66,28,4,'folga',NULL,'2026-02-06 12:14:11','2026-02-06 12:14:11',NULL),(299,'2026-02-04',65,28,6,'presente',NULL,'2026-02-06 12:14:11','2026-02-06 12:14:11',NULL),(300,'2026-02-04',60,28,6,'folga',NULL,'2026-02-06 12:14:11','2026-02-06 12:14:11',NULL),(301,'2026-02-04',61,28,6,'presente',NULL,'2026-02-06 12:14:11','2026-02-06 12:14:11',NULL),(302,'2026-02-04',63,28,6,'folga',NULL,'2026-02-06 12:14:11','2026-02-06 12:14:11',NULL),(303,'2026-02-04',59,28,4,'presente',NULL,'2026-02-06 12:14:11','2026-02-06 12:14:11',NULL),(304,'2026-02-04',64,28,4,'folga',NULL,'2026-02-06 12:14:11','2026-02-06 12:14:11',NULL),(305,'2026-02-04',68,28,1,'folga',NULL,'2026-02-06 12:14:11','2026-02-06 12:14:11',NULL),(306,'2026-02-04',67,28,1,'folga',NULL,'2026-02-06 12:14:11','2026-02-06 12:14:11',NULL),(307,'2026-02-05',62,28,4,'folga',NULL,'2026-02-06 12:16:12','2026-02-06 12:16:12',NULL),(308,'2026-02-05',66,28,4,'folga',NULL,'2026-02-06 12:16:12','2026-02-06 12:16:12',NULL),(309,'2026-02-05',65,28,6,'folga',NULL,'2026-02-06 12:16:12','2026-02-06 12:16:12',NULL),(310,'2026-02-05',60,28,6,'presente',NULL,'2026-02-06 12:16:12','2026-02-06 12:16:12',NULL),(311,'2026-02-05',61,28,6,'folga',NULL,'2026-02-06 12:16:12','2026-02-06 12:16:12',NULL),(312,'2026-02-05',63,28,6,'presente',NULL,'2026-02-06 12:16:12','2026-02-06 12:16:12',NULL),(313,'2026-02-05',59,28,4,'presente',NULL,'2026-02-06 12:16:12','2026-02-06 12:16:12',NULL),(314,'2026-02-05',64,28,4,'presente',NULL,'2026-02-06 12:16:12','2026-02-06 12:16:12',NULL),(315,'2026-02-05',68,28,1,'folga',NULL,'2026-02-06 12:16:12','2026-02-06 12:16:12',NULL),(316,'2026-02-05',67,28,1,'presente',NULL,'2026-02-06 12:16:12','2026-02-06 12:16:12',NULL),(317,'2026-02-06',62,28,4,'presente',NULL,'2026-02-06 12:16:34','2026-02-06 12:16:34',NULL),(318,'2026-02-06',61,28,6,'presente',NULL,'2026-02-06 12:16:34','2026-02-06 12:16:34',NULL),(319,'2026-02-06',67,28,1,'presente',NULL,'2026-02-06 12:16:34','2026-02-06 12:16:34',NULL),(331,'2026-02-04',27,23,4,'folga',NULL,'2026-02-09 18:11:10','2026-02-09 18:11:10',NULL),(332,'2026-02-04',29,23,4,'presente',NULL,'2026-02-09 18:11:10','2026-02-09 18:11:10',NULL),(333,'2026-02-04',30,23,4,'folga',NULL,'2026-02-09 18:11:10','2026-02-09 18:11:10',NULL),(334,'2026-02-04',33,23,6,'presente',NULL,'2026-02-09 18:11:10','2026-02-09 18:11:10',NULL),(335,'2026-02-04',32,23,6,'folga',NULL,'2026-02-09 18:11:10','2026-02-09 18:11:10',NULL),(336,'2026-02-04',31,23,6,'folga',NULL,'2026-02-09 18:11:30','2026-02-09 18:11:30',NULL),(337,'2026-02-05',27,23,4,'presente',NULL,'2026-02-09 18:12:59','2026-02-09 18:12:59',NULL),(338,'2026-02-05',35,23,1,'presente',NULL,'2026-02-09 18:12:59','2026-02-09 18:12:59',NULL),(339,'2026-02-05',28,23,4,'folga',NULL,'2026-02-09 18:12:59','2026-02-09 18:12:59',NULL),(340,'2026-02-05',57,23,1,'presente',NULL,'2026-02-09 18:12:59','2026-02-09 18:12:59',NULL),(341,'2026-02-05',29,23,4,'presente',NULL,'2026-02-09 18:12:59','2026-02-09 18:12:59',NULL),(342,'2026-02-05',31,23,6,'presente',NULL,'2026-02-09 18:12:59','2026-02-09 18:12:59',NULL),(343,'2026-02-05',30,23,4,'folga',NULL,'2026-02-09 18:12:59','2026-02-09 18:12:59',NULL),(344,'2026-02-05',34,23,1,'presente',NULL,'2026-02-09 18:12:59','2026-02-09 18:12:59',NULL),(345,'2026-02-05',33,23,6,'presente',NULL,'2026-02-09 18:12:59','2026-02-09 18:12:59',NULL),(346,'2026-02-05',32,23,6,'folga',NULL,'2026-02-09 18:12:59','2026-02-09 18:12:59',NULL),(347,'2026-02-05',56,23,6,'folga',NULL,'2026-02-09 18:12:59','2026-02-09 18:12:59',NULL),(348,'2026-02-06',27,23,4,'folga',NULL,'2026-02-09 18:14:23','2026-02-09 18:14:23',NULL),(349,'2026-02-06',35,23,1,'presente',NULL,'2026-02-09 18:14:23','2026-02-09 18:14:23',NULL),(350,'2026-02-06',28,23,4,'presente',NULL,'2026-02-09 18:14:23','2026-02-09 18:14:23',NULL),(351,'2026-02-06',57,23,1,'presente',NULL,'2026-02-09 18:14:23','2026-02-09 18:14:23',NULL),(352,'2026-02-06',29,23,4,'folga',NULL,'2026-02-09 18:14:23','2026-02-09 18:14:23',NULL),(353,'2026-02-06',31,23,6,'folga',NULL,'2026-02-09 18:14:23','2026-02-09 18:14:23',NULL),(354,'2026-02-06',30,23,4,'presente',NULL,'2026-02-09 18:14:23','2026-02-09 18:14:23',NULL),(355,'2026-02-06',34,23,1,'folga',NULL,'2026-02-09 18:14:23','2026-02-09 18:14:23',NULL),(356,'2026-02-06',33,23,6,'folga',NULL,'2026-02-09 18:14:23','2026-02-09 18:14:23',NULL),(357,'2026-02-06',32,23,6,'ferias',NULL,'2026-02-09 18:14:23','2026-02-09 18:14:23',55),(358,'2026-02-06',55,23,6,'presente',NULL,'2026-02-09 18:14:23','2026-02-09 18:14:23',NULL),(359,'2026-02-06',56,23,6,'presente',NULL,'2026-02-09 18:14:23','2026-02-09 18:14:23',NULL),(360,'2026-02-07',27,23,4,'presente',NULL,'2026-02-09 18:15:21','2026-02-09 18:15:21',NULL),(361,'2026-02-07',35,23,1,'folga',NULL,'2026-02-09 18:15:21','2026-02-09 18:15:21',NULL),(362,'2026-02-07',28,23,4,'folga',NULL,'2026-02-09 18:15:21','2026-02-09 18:15:21',NULL),(363,'2026-02-07',57,23,1,'folga',NULL,'2026-02-09 18:15:21','2026-02-09 18:15:21',NULL),(364,'2026-02-07',29,23,4,'folga',NULL,'2026-02-09 18:15:21','2026-02-09 18:15:21',NULL),(365,'2026-02-07',31,23,6,'presente',NULL,'2026-02-09 18:15:21','2026-02-09 18:15:21',NULL),(366,'2026-02-07',30,23,4,'presente',NULL,'2026-02-09 18:15:21','2026-02-09 18:15:21',NULL),(367,'2026-02-07',34,23,1,'folga',NULL,'2026-02-09 18:15:21','2026-02-09 18:15:21',NULL),(368,'2026-02-07',33,23,6,'folga',NULL,'2026-02-09 18:15:21','2026-02-09 18:15:21',NULL),(369,'2026-02-07',32,23,6,'ferias',NULL,'2026-02-09 18:15:21','2026-02-09 18:15:21',55),(370,'2026-02-07',55,23,6,'presente',NULL,'2026-02-09 18:15:21','2026-02-09 18:15:21',NULL),(371,'2026-02-07',56,23,6,'folga',NULL,'2026-02-09 18:15:21','2026-02-09 18:15:21',NULL),(372,'2026-02-08',27,23,4,'folga',NULL,'2026-02-09 18:16:23','2026-02-09 18:16:23',NULL),(373,'2026-02-08',35,23,1,'folga',NULL,'2026-02-09 18:16:23','2026-02-09 18:16:23',NULL),(374,'2026-02-08',28,23,4,'presente',NULL,'2026-02-09 18:16:23','2026-02-09 18:16:23',NULL),(375,'2026-02-08',57,23,1,'folga',NULL,'2026-02-09 18:16:23','2026-02-09 18:16:23',NULL),(376,'2026-02-08',29,23,4,'presente',NULL,'2026-02-09 18:16:23','2026-02-09 18:16:23',NULL),(377,'2026-02-08',31,23,6,'folga',NULL,'2026-02-09 18:16:23','2026-02-09 18:16:23',NULL),(378,'2026-02-08',30,23,4,'folga',NULL,'2026-02-09 18:16:23','2026-02-09 18:16:23',NULL),(379,'2026-02-08',34,23,1,'folga',NULL,'2026-02-09 18:16:23','2026-02-09 18:16:23',NULL),(380,'2026-02-08',33,23,6,'presente',NULL,'2026-02-09 18:16:23','2026-02-09 18:16:23',NULL),(381,'2026-02-08',32,23,6,'folga',NULL,'2026-02-09 18:16:23','2026-02-09 18:16:23',NULL),(382,'2026-02-08',56,23,6,'presente',NULL,'2026-02-09 18:16:23','2026-02-09 18:16:23',NULL),(383,'2026-02-09',27,23,4,'presente',NULL,'2026-02-09 18:18:05','2026-02-09 18:18:05',NULL),(384,'2026-02-09',35,23,1,'falta',NULL,'2026-02-09 18:18:05','2026-02-09 18:18:05',NULL),(385,'2026-02-09',57,23,1,'presente',NULL,'2026-02-09 18:18:05','2026-02-09 18:18:05',NULL),(386,'2026-02-09',31,23,6,'presente',NULL,'2026-02-09 18:18:05','2026-02-09 18:18:05',NULL),(387,'2026-02-09',34,23,1,'presente',NULL,'2026-02-09 18:18:05','2026-02-09 18:18:05',NULL),(388,'2026-02-06',49,11,6,'presente',NULL,'2026-02-09 18:21:30','2026-02-09 18:21:30',NULL),(389,'2026-02-06',54,11,6,'folga',NULL,'2026-02-09 18:21:30','2026-02-09 18:21:30',NULL),(390,'2026-02-06',48,11,4,'presente',NULL,'2026-02-09 18:21:30','2026-02-09 18:21:30',NULL),(391,'2026-02-06',50,11,6,'folga',NULL,'2026-02-09 18:21:30','2026-02-09 18:21:30',NULL),(392,'2026-02-07',49,11,6,'presente',NULL,'2026-02-09 18:21:52','2026-02-09 18:21:52',NULL),(393,'2026-02-07',47,11,4,'presente',NULL,'2026-02-09 18:21:52','2026-02-09 18:21:52',NULL),(394,'2026-02-07',51,11,1,'folga',NULL,'2026-02-09 18:21:52','2026-02-09 18:21:52',NULL),(395,'2026-02-07',54,11,6,'presente',NULL,'2026-02-09 18:21:52','2026-02-09 18:21:52',NULL),(396,'2026-02-07',53,11,6,'folga',NULL,'2026-02-09 18:21:52','2026-02-09 18:21:52',NULL),(397,'2026-02-07',48,11,4,'folga',NULL,'2026-02-09 18:21:52','2026-02-09 18:21:52',NULL),(398,'2026-02-07',52,11,3,'folga',NULL,'2026-02-09 18:21:52','2026-02-09 18:21:52',NULL),(399,'2026-02-07',50,11,6,'presente',NULL,'2026-02-09 18:21:52','2026-02-09 18:21:52',NULL),(400,'2026-02-08',49,11,6,'presente',NULL,'2026-02-09 18:22:50','2026-02-09 18:22:50',NULL),(401,'2026-02-08',47,11,4,'folga',NULL,'2026-02-09 18:22:50','2026-02-09 18:22:50',NULL),(402,'2026-02-08',51,11,1,'folga',NULL,'2026-02-09 18:22:50','2026-02-09 18:22:50',NULL),(403,'2026-02-08',54,11,6,'presente',NULL,'2026-02-09 18:22:50','2026-02-09 18:22:50',NULL),(404,'2026-02-08',53,11,6,'presente',NULL,'2026-02-09 18:22:50','2026-02-09 18:22:50',NULL),(405,'2026-02-08',48,11,4,'presente',NULL,'2026-02-09 18:22:50','2026-02-09 18:22:50',NULL),(406,'2026-02-08',52,11,3,'folga',NULL,'2026-02-09 18:22:50','2026-02-09 18:22:50',NULL),(407,'2026-02-08',50,11,6,'folga',NULL,'2026-02-09 18:22:50','2026-02-09 18:22:50',NULL),(408,'2026-02-09',54,11,6,'presente',NULL,'2026-02-09 18:23:06','2026-02-09 18:23:06',NULL),(409,'2026-02-09',53,11,6,'presente',NULL,'2026-02-09 18:23:06','2026-02-09 18:23:06',NULL),(410,'2026-02-09',51,11,1,'presente',NULL,'2026-02-09 18:23:13','2026-02-09 18:23:13',NULL),(411,'2026-02-05',25,26,8,'folga',NULL,'2026-02-09 18:26:18','2026-02-09 18:26:18',NULL),(412,'2026-02-05',24,26,4,'presente',NULL,'2026-02-09 18:26:18','2026-02-09 18:26:18',NULL),(413,'2026-02-06',25,26,8,'folga',NULL,'2026-02-09 18:29:31','2026-02-09 18:29:31',NULL),(414,'2026-02-06',94,26,8,'presente',NULL,'2026-02-09 18:29:31','2026-02-09 18:29:31',NULL),(415,'2026-02-06',26,26,2,'presente',NULL,'2026-02-09 18:29:31','2026-02-09 18:29:31',NULL),(416,'2026-02-06',20,26,4,'presente',NULL,'2026-02-09 18:29:31','2026-02-09 18:29:31',NULL),(417,'2026-02-06',22,26,1,'presente',NULL,'2026-02-09 18:29:31','2026-02-09 18:29:31',NULL),(418,'2026-02-06',24,26,4,'presente',NULL,'2026-02-09 18:29:31','2026-02-09 18:29:31',NULL),(419,'2026-02-06',21,26,8,'folga',NULL,'2026-02-09 18:29:31','2026-02-09 18:29:31',NULL),(420,'2026-02-07',25,26,8,'folga',NULL,'2026-02-09 18:30:35','2026-02-09 18:30:35',NULL),(421,'2026-02-07',94,26,8,'folga',NULL,'2026-02-09 18:30:35','2026-02-09 18:30:35',NULL),(422,'2026-02-07',26,26,2,'folga',NULL,'2026-02-09 18:30:35','2026-02-09 18:30:35',NULL),(423,'2026-02-07',20,26,4,'presente',NULL,'2026-02-09 18:30:35','2026-02-09 18:30:35',NULL),(424,'2026-02-07',22,26,1,'folga',NULL,'2026-02-09 18:30:35','2026-02-09 18:30:35',NULL),(425,'2026-02-07',24,26,4,'folga',NULL,'2026-02-09 18:30:35','2026-02-09 18:30:35',NULL),(426,'2026-02-07',21,26,8,'presente',NULL,'2026-02-09 18:30:35','2026-02-09 18:30:35',NULL),(427,'2026-02-01',100,26,4,'folga',NULL,'2026-02-09 18:46:00','2026-02-09 18:46:00',NULL),(428,'2026-02-02',100,26,4,'folga',NULL,'2026-02-09 18:46:45','2026-02-09 18:46:45',NULL),(429,'2026-02-03',100,26,4,'folga',NULL,'2026-02-09 18:48:07','2026-02-09 18:48:07',NULL),(430,'2026-02-04',100,26,4,'folga',NULL,'2026-02-09 18:50:19','2026-02-09 18:50:19',NULL),(431,'2026-02-05',100,26,4,'folga',NULL,'2026-02-09 18:55:06','2026-02-09 18:55:06',NULL),(432,'2026-02-06',100,26,4,'presente',NULL,'2026-02-09 19:06:37','2026-02-09 19:06:37',NULL),(433,'2026-02-07',100,26,4,'folga',NULL,'2026-02-09 19:07:09','2026-02-09 19:07:09',NULL),(434,'2026-02-08',25,26,8,'folga',NULL,'2026-02-09 19:08:24','2026-02-09 19:08:24',NULL),(435,'2026-02-08',94,26,8,'folga',NULL,'2026-02-09 19:08:24','2026-02-09 19:08:24',NULL),(436,'2026-02-08',100,26,4,'presente',NULL,'2026-02-09 19:08:24','2026-02-09 19:08:24',NULL),(437,'2026-02-08',26,26,2,'folga',NULL,'2026-02-09 19:08:24','2026-02-09 19:08:24',NULL),(438,'2026-02-08',20,26,4,'folga',NULL,'2026-02-09 19:08:24','2026-02-09 19:08:24',NULL),(439,'2026-02-08',22,26,1,'folga',NULL,'2026-02-09 19:08:24','2026-02-09 19:08:24',NULL),(440,'2026-02-08',24,26,4,'presente',NULL,'2026-02-09 19:08:24','2026-02-09 19:08:24',NULL),(441,'2026-02-08',21,26,8,'folga',NULL,'2026-02-09 19:08:24','2026-02-09 19:08:24',NULL),(442,'2026-02-09',26,26,2,'presente',NULL,'2026-02-09 19:10:50','2026-02-09 19:10:50',NULL),(443,'2026-02-09',20,26,4,'presente',NULL,'2026-02-09 19:10:50','2026-02-09 19:10:50',NULL),(444,'2026-02-09',22,26,1,'presente',NULL,'2026-02-09 19:10:50','2026-02-09 19:10:50',NULL),(445,'2026-02-09',101,26,8,'presente',NULL,'2026-02-09 19:12:22','2026-02-09 19:12:22',NULL),(446,'2026-02-01',101,26,8,'folga',NULL,'2026-02-09 19:13:45','2026-02-09 19:13:45',NULL),(447,'2026-02-02',101,26,8,'folga',NULL,'2026-02-09 19:15:09','2026-02-09 19:15:09',NULL),(448,'2026-02-03',101,26,8,'folga',NULL,'2026-02-09 19:16:15','2026-02-09 19:16:15',NULL),(449,'2026-02-04',101,26,8,'folga',NULL,'2026-02-09 19:16:40','2026-02-09 19:16:40',NULL),(450,'2026-02-05',101,26,8,'folga',NULL,'2026-02-09 19:17:25','2026-02-09 19:17:25',NULL),(451,'2026-02-06',101,26,8,'folga',NULL,'2026-02-09 19:18:07','2026-02-09 19:18:07',NULL),(452,'2026-02-07',101,26,8,'folga',NULL,'2026-02-09 19:18:25','2026-02-09 19:18:25',NULL),(453,'2026-02-08',101,26,8,'folga',NULL,'2026-02-09 19:18:36','2026-02-09 19:18:36',NULL),(461,'2026-02-06',66,28,4,'folga',NULL,'2026-02-09 19:21:24','2026-02-09 19:21:24',NULL),(462,'2026-02-06',65,28,6,'folga',NULL,'2026-02-09 19:21:24','2026-02-09 19:21:24',NULL),(463,'2026-02-06',60,28,6,'folga',NULL,'2026-02-09 19:21:24','2026-02-09 19:21:24',NULL),(464,'2026-02-06',63,28,6,'presente',NULL,'2026-02-09 19:21:24','2026-02-09 19:21:24',NULL),(465,'2026-02-06',59,28,4,'folga',NULL,'2026-02-09 19:21:24','2026-02-09 19:21:24',NULL),(466,'2026-02-06',64,28,4,'presente',NULL,'2026-02-09 19:21:24','2026-02-09 19:21:24',NULL),(467,'2026-02-06',68,28,1,'folga',NULL,'2026-02-09 19:21:24','2026-02-09 19:21:24',NULL),(468,'2026-02-07',62,28,4,'folga',NULL,'2026-02-09 19:23:38','2026-02-09 19:23:38',NULL),(469,'2026-02-07',66,28,4,'presente',NULL,'2026-02-09 19:23:38','2026-02-09 19:23:38',NULL),(470,'2026-02-07',65,28,6,'presente',NULL,'2026-02-09 19:23:38','2026-02-09 19:23:38',NULL),(471,'2026-02-07',60,28,6,'presente',NULL,'2026-02-09 19:23:38','2026-02-09 19:23:38',NULL),(472,'2026-02-07',61,28,6,'folga',NULL,'2026-02-09 19:23:38','2026-02-09 19:23:38',NULL),(473,'2026-02-07',63,28,6,'folga',NULL,'2026-02-09 19:23:38','2026-02-09 19:23:38',NULL),(474,'2026-02-07',59,28,4,'presente',NULL,'2026-02-09 19:23:38','2026-02-09 19:23:38',NULL),(475,'2026-02-07',64,28,4,'folga',NULL,'2026-02-09 19:23:38','2026-02-09 19:23:38',NULL),(476,'2026-02-07',68,28,1,'folga',NULL,'2026-02-09 19:23:38','2026-02-09 19:23:38',NULL),(477,'2026-02-07',67,28,1,'folga',NULL,'2026-02-09 19:23:38','2026-02-09 19:23:38',NULL),(478,'2026-02-08',62,28,4,'presente',NULL,'2026-02-09 19:24:43','2026-02-09 19:24:43',NULL),(479,'2026-02-08',66,28,4,'presente',NULL,'2026-02-09 19:24:43','2026-02-09 19:24:43',NULL),(480,'2026-02-08',65,28,6,'folga',NULL,'2026-02-09 19:24:43','2026-02-09 19:24:43',NULL),(481,'2026-02-08',60,28,6,'folga',NULL,'2026-02-09 19:24:43','2026-02-09 19:24:43',NULL),(482,'2026-02-08',61,28,6,'presente',NULL,'2026-02-09 19:24:43','2026-02-09 19:24:43',NULL),(483,'2026-02-08',63,28,6,'presente',NULL,'2026-02-09 19:24:43','2026-02-09 19:24:43',NULL),(484,'2026-02-08',59,28,4,'folga',NULL,'2026-02-09 19:24:43','2026-02-09 19:24:43',NULL),(485,'2026-02-08',64,28,4,'folga',NULL,'2026-02-09 19:24:44','2026-02-09 19:24:44',NULL),(486,'2026-02-08',68,28,1,'folga',NULL,'2026-02-09 19:24:44','2026-02-09 19:24:44',NULL),(487,'2026-02-08',67,28,1,'folga',NULL,'2026-02-09 19:24:44','2026-02-09 19:24:44',NULL),(488,'2026-02-09',60,28,6,'presente',NULL,'2026-02-09 19:25:04','2026-02-09 19:25:04',NULL),(489,'2026-02-09',59,28,4,'presente',NULL,'2026-02-09 19:25:04','2026-02-09 19:25:04',NULL),(490,'2026-02-09',67,28,1,'presente',NULL,'2026-02-09 19:25:04','2026-02-09 19:25:04',NULL),(491,'2026-02-06',36,18,6,'folga',NULL,'2026-02-09 19:28:03','2026-02-09 19:28:03',NULL),(492,'2026-02-06',40,18,6,'folga',NULL,'2026-02-09 19:28:03','2026-02-09 19:28:03',NULL),(493,'2026-02-06',42,18,4,'folga',NULL,'2026-02-09 19:28:03','2026-02-09 19:28:03',NULL),(494,'2026-02-06',95,18,6,'presente',NULL,'2026-02-09 19:28:03','2026-02-09 19:28:03',NULL),(495,'2026-02-06',44,18,4,'presente',NULL,'2026-02-09 19:28:03','2026-02-09 19:28:03',NULL),(496,'2026-02-06',41,18,4,'folga',NULL,'2026-02-09 19:28:03','2026-02-09 19:28:03',NULL),(497,'2026-02-06',39,18,6,'folga',NULL,'2026-02-09 19:28:03','2026-02-09 19:28:03',NULL),(498,'2026-02-07',43,18,4,'folga',NULL,'2026-02-09 19:28:40','2026-02-09 19:28:40',NULL),(499,'2026-02-07',36,18,6,'presente',NULL,'2026-02-09 19:28:40','2026-02-09 19:28:40',NULL),(500,'2026-02-07',40,18,6,'presente',NULL,'2026-02-09 19:28:40','2026-02-09 19:28:40',NULL),(501,'2026-02-07',38,18,6,'folga',NULL,'2026-02-09 19:28:40','2026-02-09 19:28:40',NULL),(502,'2026-02-07',42,18,4,'presente',NULL,'2026-02-09 19:28:40','2026-02-09 19:28:40',NULL),(503,'2026-02-07',95,18,6,'folga',NULL,'2026-02-09 19:28:40','2026-02-09 19:28:40',NULL),(504,'2026-02-07',46,18,1,'folga',NULL,'2026-02-09 19:28:40','2026-02-09 19:28:40',NULL),(505,'2026-02-07',44,18,4,'folga',NULL,'2026-02-09 19:28:40','2026-02-09 19:28:40',NULL),(506,'2026-02-07',41,18,4,'presente',NULL,'2026-02-09 19:28:40','2026-02-09 19:28:40',NULL),(507,'2026-02-07',39,18,6,'folga',NULL,'2026-02-09 19:28:40','2026-02-09 19:28:40',NULL),(508,'2026-02-07',45,18,4,'folga',NULL,'2026-02-09 19:28:40','2026-02-09 19:28:40',NULL),(509,'2026-02-01',102,18,6,'folga',NULL,'2026-02-09 19:29:45','2026-02-09 19:29:45',NULL),(510,'2026-02-02',102,18,6,'folga',NULL,'2026-02-09 19:29:55','2026-02-09 19:29:55',NULL),(511,'2026-02-03',102,18,6,'folga',NULL,'2026-02-09 19:30:06','2026-02-09 19:30:06',NULL),(512,'2026-02-04',102,18,6,'folga',NULL,'2026-02-09 19:30:22','2026-02-09 19:30:22',NULL),(513,'2026-02-05',102,18,6,'folga',NULL,'2026-02-09 19:30:57','2026-02-09 19:30:57',NULL),(514,'2026-02-06',102,18,6,'folga',NULL,'2026-02-09 19:31:16','2026-02-09 19:31:16',NULL),(515,'2026-02-07',102,18,6,'folga',NULL,'2026-02-09 19:31:32','2026-02-09 19:31:32',NULL),(516,'2026-02-08',43,18,4,'presente',NULL,'2026-02-09 19:33:30','2026-02-09 19:33:30',NULL),(517,'2026-02-08',36,18,6,'folga',NULL,'2026-02-09 19:33:30','2026-02-09 19:33:30',NULL),(518,'2026-02-08',40,18,6,'folga',NULL,'2026-02-09 19:33:30','2026-02-09 19:33:30',NULL),(519,'2026-02-08',38,18,6,'folga',NULL,'2026-02-09 19:33:30','2026-02-09 19:33:30',NULL),(520,'2026-02-08',42,18,4,'folga',NULL,'2026-02-09 19:33:30','2026-02-09 19:33:30',NULL),(521,'2026-02-08',95,18,6,'folga',NULL,'2026-02-09 19:33:30','2026-02-09 19:33:30',NULL),(522,'2026-02-08',46,18,1,'folga',NULL,'2026-02-09 19:33:30','2026-02-09 19:33:30',NULL),(523,'2026-02-08',102,18,6,'presente',NULL,'2026-02-09 19:33:30','2026-02-09 19:33:30',NULL),(524,'2026-02-08',44,18,4,'presente',NULL,'2026-02-09 19:33:30','2026-02-09 19:33:30',NULL),(525,'2026-02-08',41,18,4,'folga',NULL,'2026-02-09 19:33:30','2026-02-09 19:33:30',NULL),(526,'2026-02-08',39,18,6,'folga',NULL,'2026-02-09 19:33:30','2026-02-09 19:33:30',NULL),(527,'2026-02-08',45,18,4,'folga',NULL,'2026-02-09 19:33:30','2026-02-09 19:33:30',NULL),(528,'2026-02-09',36,18,6,'presente',NULL,'2026-02-09 19:34:07','2026-02-09 19:34:07',NULL),(529,'2026-02-09',42,18,4,'presente',NULL,'2026-02-09 19:34:07','2026-02-09 19:34:07',NULL),(530,'2026-02-09',46,18,1,'presente',NULL,'2026-02-09 19:34:07','2026-02-09 19:34:07',NULL),(531,'2026-02-09',45,18,4,'presente',NULL,'2026-02-09 19:34:07','2026-02-09 19:34:07',NULL),(532,'2026-02-01',74,10,4,'presente',NULL,'2026-02-09 19:40:31','2026-02-09 19:40:31',NULL),(533,'2026-02-01',72,10,4,'presente',NULL,'2026-02-09 19:40:31','2026-02-09 19:40:31',NULL),(534,'2026-02-01',73,10,4,'presente',NULL,'2026-02-09 19:40:31','2026-02-09 19:40:31',NULL),(535,'2026-02-01',97,10,4,'folga',NULL,'2026-02-09 19:40:31','2026-02-09 19:40:31',NULL),(536,'2026-02-01',98,10,4,'folga',NULL,'2026-02-09 19:40:31','2026-02-09 19:40:31',NULL),(537,'2026-02-01',99,10,4,'presente',NULL,'2026-02-09 19:40:31','2026-02-09 19:40:31',NULL),(538,'2026-02-01',70,10,2,'folga',NULL,'2026-02-09 19:40:31','2026-02-09 19:40:31',NULL),(539,'2026-02-01',71,10,3,'folga',NULL,'2026-02-09 19:40:31','2026-02-09 19:40:31',NULL),(540,'2026-02-01',96,10,4,'folga',NULL,'2026-02-09 19:40:31','2026-02-09 19:40:31',NULL),(541,'2026-02-01',69,10,1,'folga',NULL,'2026-02-09 19:40:31','2026-02-09 19:40:31',NULL),(542,'2026-02-02',74,10,4,'folga',NULL,'2026-02-09 19:41:11','2026-02-09 19:41:11',NULL),(543,'2026-02-02',72,10,4,'folga',NULL,'2026-02-09 19:41:11','2026-02-09 19:41:11',NULL),(544,'2026-02-02',73,10,4,'folga',NULL,'2026-02-09 19:41:11','2026-02-09 19:41:11',NULL),(545,'2026-02-02',97,10,4,'folga',NULL,'2026-02-09 19:41:11','2026-02-09 19:41:11',NULL),(546,'2026-02-02',98,10,4,'folga',NULL,'2026-02-09 19:41:11','2026-02-09 19:41:11',NULL),(547,'2026-02-02',99,10,4,'presente',NULL,'2026-02-09 19:41:11','2026-02-09 19:41:11',NULL),(548,'2026-02-02',70,10,2,'presente',NULL,'2026-02-09 19:41:11','2026-02-09 19:41:11',NULL),(549,'2026-02-02',71,10,3,'presente',NULL,'2026-02-09 19:41:11','2026-02-09 19:41:11',NULL),(550,'2026-02-02',96,10,4,'presente',NULL,'2026-02-09 19:41:11','2026-02-09 19:41:11',NULL),(551,'2026-02-02',69,10,1,'presente',NULL,'2026-02-09 19:41:11','2026-02-09 19:41:11',NULL),(552,'2026-02-03',74,10,4,'folga',NULL,'2026-02-09 19:57:27','2026-02-09 19:57:27',NULL),(553,'2026-02-03',72,10,4,'presente',NULL,'2026-02-09 19:57:27','2026-02-09 19:57:27',NULL),(554,'2026-02-03',73,10,4,'presente',NULL,'2026-02-09 19:57:27','2026-02-09 19:57:27',NULL),(555,'2026-02-03',103,10,4,'presente',NULL,'2026-02-09 19:57:27','2026-02-09 19:57:27',NULL),(556,'2026-02-03',97,10,4,'folga',NULL,'2026-02-09 19:57:27','2026-02-09 19:57:27',NULL),(557,'2026-02-03',98,10,4,'folga',NULL,'2026-02-09 19:57:27','2026-02-09 19:57:27',NULL),(558,'2026-02-03',99,10,4,'presente',NULL,'2026-02-09 19:57:27','2026-02-09 19:57:27',NULL),(559,'2026-02-03',70,10,2,'presente',NULL,'2026-02-09 19:57:27','2026-02-09 19:57:27',NULL),(560,'2026-02-03',71,10,3,'presente',NULL,'2026-02-09 19:57:27','2026-02-09 19:57:27',NULL),(561,'2026-02-03',96,10,4,'folga',NULL,'2026-02-09 19:57:27','2026-02-09 19:57:27',NULL),(562,'2026-02-03',69,10,1,'presente',NULL,'2026-02-09 19:57:27','2026-02-09 19:57:27',NULL),(563,'2026-02-01',103,10,4,'folga',NULL,'2026-02-09 19:57:53','2026-02-09 19:57:53',NULL),(564,'2026-02-02',103,10,4,'folga',NULL,'2026-02-09 19:57:59','2026-02-09 19:57:59',NULL),(565,'2026-02-04',74,10,4,'folga',NULL,'2026-02-09 20:06:44','2026-02-09 20:06:44',NULL),(566,'2026-02-04',72,10,4,'folga',NULL,'2026-02-09 20:06:44','2026-02-09 20:06:44',NULL),(567,'2026-02-04',73,10,4,'presente',NULL,'2026-02-09 20:06:44','2026-02-09 20:06:44',NULL),(568,'2026-02-04',103,10,4,'folga',NULL,'2026-02-09 20:06:44','2026-02-09 20:06:44',NULL),(569,'2026-02-04',97,10,4,'folga',NULL,'2026-02-09 20:06:44','2026-02-09 20:06:44',NULL),(570,'2026-02-04',98,10,4,'presente',NULL,'2026-02-09 20:06:44','2026-02-09 20:06:44',NULL),(571,'2026-02-04',99,10,4,'presente',NULL,'2026-02-09 20:06:44','2026-02-09 20:06:44',NULL),(572,'2026-02-04',70,10,2,'presente',NULL,'2026-02-09 20:06:44','2026-02-09 20:06:44',NULL),(573,'2026-02-04',71,10,3,'presente',NULL,'2026-02-09 20:06:44','2026-02-09 20:06:44',NULL),(574,'2026-02-04',96,10,4,'presente',NULL,'2026-02-09 20:06:44','2026-02-09 20:06:44',NULL),(575,'2026-02-04',69,10,1,'presente',NULL,'2026-02-09 20:06:44','2026-02-09 20:06:44',NULL),(576,'2026-02-05',99,10,4,'presente',NULL,'2026-02-09 20:07:45','2026-02-09 20:07:45',NULL),(577,'2026-02-05',70,10,2,'presente',NULL,'2026-02-09 20:07:45','2026-02-09 20:07:45',NULL),(578,'2026-02-05',71,10,3,'presente',NULL,'2026-02-09 20:07:45','2026-02-09 20:07:45',NULL),(579,'2026-02-05',69,10,1,'presente',NULL,'2026-02-09 20:07:45','2026-02-09 20:07:45',NULL),(580,'2026-02-05',74,10,4,'folga',NULL,'2026-02-09 20:09:30','2026-02-09 20:09:30',NULL),(581,'2026-02-05',72,10,4,'presente',NULL,'2026-02-09 20:09:30','2026-02-09 20:09:30',NULL),(582,'2026-02-05',104,10,4,'presente',NULL,'2026-02-09 20:09:30','2026-02-09 20:09:30',NULL),(583,'2026-02-05',73,10,4,'presente',NULL,'2026-02-09 20:09:30','2026-02-09 20:09:30',NULL),(584,'2026-02-05',103,10,4,'folga',NULL,'2026-02-09 20:09:30','2026-02-09 20:09:30',NULL),(585,'2026-02-05',97,10,4,'folga',NULL,'2026-02-09 20:09:30','2026-02-09 20:09:30',NULL),(586,'2026-02-05',98,10,4,'folga',NULL,'2026-02-09 20:09:30','2026-02-09 20:09:30',NULL),(587,'2026-02-05',96,10,4,'folga',NULL,'2026-02-09 20:09:30','2026-02-09 20:09:30',NULL),(588,'2026-02-06',74,10,4,'folga',NULL,'2026-02-09 20:10:59','2026-02-09 20:10:59',NULL),(589,'2026-02-06',72,10,4,'folga',NULL,'2026-02-09 20:10:59','2026-02-09 20:10:59',NULL),(590,'2026-02-06',104,10,4,'folga',NULL,'2026-02-09 20:10:59','2026-02-09 20:10:59',NULL),(591,'2026-02-06',73,10,4,'presente',NULL,'2026-02-09 20:10:59','2026-02-09 20:10:59',NULL),(592,'2026-02-06',103,10,4,'folga',NULL,'2026-02-09 20:10:59','2026-02-09 20:10:59',NULL),(593,'2026-02-06',97,10,4,'presente',NULL,'2026-02-09 20:10:59','2026-02-09 20:10:59',NULL),(594,'2026-02-06',98,10,4,'presente',NULL,'2026-02-09 20:10:59','2026-02-09 20:10:59',NULL),(595,'2026-02-06',99,10,4,'folga',NULL,'2026-02-09 20:10:59','2026-02-09 20:10:59',NULL),(596,'2026-02-06',70,10,2,'presente',NULL,'2026-02-09 20:10:59','2026-02-09 20:10:59',NULL),(597,'2026-02-06',71,10,3,'presente',NULL,'2026-02-09 20:10:59','2026-02-09 20:10:59',NULL),(598,'2026-02-06',96,10,4,'presente',NULL,'2026-02-09 20:10:59','2026-02-09 20:10:59',NULL),(599,'2026-02-06',69,10,1,'presente',NULL,'2026-02-09 20:10:59','2026-02-09 20:10:59',NULL),(600,'2026-02-07',74,10,4,'folga',NULL,'2026-02-09 20:12:21','2026-02-09 20:12:21',NULL),(601,'2026-02-07',72,10,4,'presente',NULL,'2026-02-09 20:12:21','2026-02-09 20:12:21',NULL),(602,'2026-02-07',104,10,4,'folga',NULL,'2026-02-09 20:12:21','2026-02-09 20:12:21',NULL),(603,'2026-02-07',73,10,4,'presente',NULL,'2026-02-09 20:12:21','2026-02-09 20:12:21',NULL),(604,'2026-02-07',103,10,4,'presente',NULL,'2026-02-09 20:12:21','2026-02-09 20:12:21',NULL),(605,'2026-02-07',97,10,4,'folga',NULL,'2026-02-09 20:12:21','2026-02-09 20:12:21',NULL),(606,'2026-02-07',98,10,4,'folga',NULL,'2026-02-09 20:12:21','2026-02-09 20:12:21',NULL),(607,'2026-02-07',99,10,4,'presente',NULL,'2026-02-09 20:12:21','2026-02-09 20:12:21',NULL),(608,'2026-02-07',70,10,2,'folga',NULL,'2026-02-09 20:12:21','2026-02-09 20:12:21',NULL),(609,'2026-02-07',71,10,3,'folga',NULL,'2026-02-09 20:12:21','2026-02-09 20:12:21',NULL),(610,'2026-02-07',96,10,4,'folga',NULL,'2026-02-09 20:12:21','2026-02-09 20:12:21',NULL),(611,'2026-02-07',69,10,1,'folga',NULL,'2026-02-09 20:12:21','2026-02-09 20:12:21',NULL),(612,'2026-02-08',74,10,4,'folga',NULL,'2026-02-09 20:13:04','2026-02-09 20:13:04',NULL),(613,'2026-02-08',72,10,4,'folga',NULL,'2026-02-09 20:13:04','2026-02-09 20:13:04',NULL),(614,'2026-02-08',104,10,4,'folga',NULL,'2026-02-09 20:13:04','2026-02-09 20:13:04',NULL),(615,'2026-02-08',73,10,4,'presente',NULL,'2026-02-09 20:13:04','2026-02-09 20:13:04',NULL),(616,'2026-02-08',103,10,4,'folga',NULL,'2026-02-09 20:13:04','2026-02-09 20:13:04',NULL),(617,'2026-02-08',97,10,4,'presente',NULL,'2026-02-09 20:13:04','2026-02-09 20:13:04',NULL),(618,'2026-02-08',98,10,4,'presente',NULL,'2026-02-09 20:13:04','2026-02-09 20:13:04',NULL),(619,'2026-02-08',99,10,4,'folga',NULL,'2026-02-09 20:13:04','2026-02-09 20:13:04',NULL),(620,'2026-02-08',70,10,2,'folga',NULL,'2026-02-09 20:13:04','2026-02-09 20:13:04',NULL),(621,'2026-02-08',71,10,3,'folga',NULL,'2026-02-09 20:13:04','2026-02-09 20:13:04',NULL),(622,'2026-02-08',96,10,4,'presente',NULL,'2026-02-09 20:13:04','2026-02-09 20:13:04',NULL),(623,'2026-02-08',69,10,1,'folga',NULL,'2026-02-09 20:13:04','2026-02-09 20:13:04',NULL),(624,'2026-02-01',104,10,4,'folga',NULL,'2026-02-09 20:13:24','2026-02-09 20:13:24',NULL),(625,'2026-02-03',104,10,4,'folga',NULL,'2026-02-09 20:13:37','2026-02-09 20:13:37',NULL),(626,'2026-02-02',104,10,4,'folga',NULL,'2026-02-09 20:13:43','2026-02-09 20:13:43',NULL),(627,'2026-02-04',104,10,4,'folga',NULL,'2026-02-09 20:13:50','2026-02-09 20:13:50',NULL),(628,'2026-02-04',76,14,4,'folga',NULL,'2026-02-09 20:18:19','2026-02-09 20:18:19',NULL),(629,'2026-02-04',77,14,4,'folga',NULL,'2026-02-09 20:18:19','2026-02-09 20:18:19',NULL),(630,'2026-02-04',78,14,4,'presente',NULL,'2026-02-09 20:18:19','2026-02-09 20:18:19',NULL),(631,'2026-02-05',75,14,4,'folga',NULL,'2026-02-09 20:19:20','2026-02-09 20:19:20',NULL),(632,'2026-02-05',79,14,8,'presente',NULL,'2026-02-09 20:19:20','2026-02-09 20:19:20',NULL),(633,'2026-02-05',80,14,1,'falta',NULL,'2026-02-09 20:19:20','2026-02-09 20:19:20',82),(634,'2026-02-05',82,14,1,'presente',NULL,'2026-02-09 20:19:20','2026-02-09 20:19:20',NULL),(635,'2026-02-05',76,14,4,'presente',NULL,'2026-02-09 20:19:20','2026-02-09 20:19:20',NULL),(636,'2026-02-05',77,14,4,'folga',NULL,'2026-02-09 20:19:20','2026-02-09 20:19:20',NULL),(637,'2026-02-05',78,14,4,'presente',NULL,'2026-02-09 20:19:20','2026-02-09 20:19:20',NULL),(638,'2026-02-06',75,14,4,'presente',NULL,'2026-02-09 20:19:54','2026-02-09 20:19:54',NULL),(639,'2026-02-06',79,14,8,'presente',NULL,'2026-02-09 20:19:54','2026-02-09 20:19:54',NULL),(640,'2026-02-06',80,14,1,'falta',NULL,'2026-02-09 20:19:54','2026-02-09 20:19:54',82),(641,'2026-02-06',82,14,1,'presente',NULL,'2026-02-09 20:19:54','2026-02-09 20:19:54',NULL),(642,'2026-02-06',76,14,4,'folga',NULL,'2026-02-09 20:19:54','2026-02-09 20:19:54',NULL),(643,'2026-02-06',77,14,4,'folga',NULL,'2026-02-09 20:19:54','2026-02-09 20:19:54',NULL),(644,'2026-02-06',78,14,4,'presente',NULL,'2026-02-09 20:19:54','2026-02-09 20:19:54',NULL),(645,'2026-02-07',75,14,4,'presente',NULL,'2026-02-09 20:20:52','2026-02-09 20:20:52',NULL),(646,'2026-02-01',105,14,4,'folga',NULL,'2026-02-09 20:21:34','2026-02-09 20:21:34',NULL),(647,'2026-02-02',105,14,4,'folga',NULL,'2026-02-09 20:21:41','2026-02-09 20:21:41',NULL),(648,'2026-02-07',79,14,8,'folga',NULL,'2026-02-09 20:21:59','2026-02-09 20:21:59',NULL),(649,'2026-02-07',80,14,1,'folga',NULL,'2026-02-09 20:21:59','2026-02-09 20:21:59',NULL),(650,'2026-02-07',76,14,4,'folga',NULL,'2026-02-09 20:21:59','2026-02-09 20:21:59',NULL),(651,'2026-02-07',105,14,4,'presente',NULL,'2026-02-09 20:21:59','2026-02-09 20:21:59',NULL),(652,'2026-02-07',77,14,4,'folga',NULL,'2026-02-09 20:21:59','2026-02-09 20:21:59',NULL),(653,'2026-02-07',78,14,4,'folga',NULL,'2026-02-09 20:21:59','2026-02-09 20:21:59',NULL),(654,'2026-02-08',75,14,4,'presente',NULL,'2026-02-09 20:22:32','2026-02-09 20:22:32',NULL),(655,'2026-02-01',106,14,4,'folga',NULL,'2026-02-09 20:22:46','2026-02-09 20:22:46',NULL),(656,'2026-02-02',106,14,4,'folga',NULL,'2026-02-09 20:23:26','2026-02-09 20:23:26',NULL),(657,'2026-02-03',105,14,4,'folga',NULL,'2026-02-09 20:23:39','2026-02-09 20:23:39',NULL),(658,'2026-02-03',106,14,4,'folga',NULL,'2026-02-09 20:23:39','2026-02-09 20:23:39',NULL),(659,'2026-02-04',105,14,4,'folga',NULL,'2026-02-09 20:24:50','2026-02-09 20:24:50',NULL),(660,'2026-02-04',106,14,4,'folga',NULL,'2026-02-09 20:24:50','2026-02-09 20:24:50',NULL),(661,'2026-02-05',105,14,4,'folga',NULL,'2026-02-09 20:25:03','2026-02-09 20:25:03',NULL),(662,'2026-02-05',106,14,4,'folga',NULL,'2026-02-09 20:25:03','2026-02-09 20:25:03',NULL),(663,'2026-02-08',79,14,8,'folga',NULL,'2026-02-09 20:25:28','2026-02-09 20:25:28',NULL),(664,'2026-02-08',80,14,1,'folga',NULL,'2026-02-09 20:25:28','2026-02-09 20:25:28',NULL),(665,'2026-02-08',76,14,4,'folga',NULL,'2026-02-09 20:25:28','2026-02-09 20:25:28',NULL),(666,'2026-02-08',105,14,4,'folga',NULL,'2026-02-09 20:25:28','2026-02-09 20:25:28',NULL),(667,'2026-02-08',106,14,4,'presente',NULL,'2026-02-09 20:25:28','2026-02-09 20:25:28',NULL),(668,'2026-02-08',77,14,4,'folga',NULL,'2026-02-09 20:25:28','2026-02-09 20:25:28',NULL),(669,'2026-02-08',78,14,4,'folga',NULL,'2026-02-09 20:25:28','2026-02-09 20:25:28',NULL),(670,'2026-02-06',105,14,4,'folga',NULL,'2026-02-09 20:25:48','2026-02-09 20:25:48',NULL),(671,'2026-02-06',106,14,4,'folga',NULL,'2026-02-09 20:25:48','2026-02-09 20:25:48',NULL),(672,'2026-02-07',106,14,4,'folga',NULL,'2026-02-09 20:25:55','2026-02-09 20:25:55',NULL),(673,'2026-02-09',25,26,8,'folga',NULL,'2026-02-10 21:11:03','2026-02-10 21:11:03',NULL),(674,'2026-02-09',94,26,8,'folga',NULL,'2026-02-10 21:11:03','2026-02-10 21:11:03',NULL),(675,'2026-02-09',100,26,4,'folga',NULL,'2026-02-10 21:11:03','2026-02-10 21:11:03',NULL),(676,'2026-02-09',24,26,4,'folga',NULL,'2026-02-10 21:11:03','2026-02-10 21:11:03',NULL),(677,'2026-02-09',21,26,8,'presente',NULL,'2026-02-10 21:11:03','2026-02-10 21:11:03',NULL),(678,'2026-02-10',25,26,8,'folga',NULL,'2026-02-10 21:11:35','2026-02-10 21:11:35',NULL),(679,'2026-02-10',94,26,8,'folga',NULL,'2026-02-10 21:11:35','2026-02-10 21:11:35',NULL),(680,'2026-02-10',100,26,4,'folga',NULL,'2026-02-10 21:11:35','2026-02-10 21:11:35',NULL),(681,'2026-02-10',26,26,2,'presente',NULL,'2026-02-10 21:11:35','2026-02-10 21:11:35',NULL),(682,'2026-02-10',20,26,4,'presente',NULL,'2026-02-10 21:11:35','2026-02-10 21:11:35',NULL),(683,'2026-02-10',22,26,1,'presente',NULL,'2026-02-10 21:11:35','2026-02-10 21:11:35',NULL),(684,'2026-02-10',24,26,4,'presente',NULL,'2026-02-10 21:11:35','2026-02-10 21:11:35',NULL),(685,'2026-02-10',101,26,8,'presente',NULL,'2026-02-10 21:11:35','2026-02-10 21:11:35',NULL),(686,'2026-02-10',21,26,8,'folga',NULL,'2026-02-10 21:11:36','2026-02-10 21:11:36',NULL),(687,'2026-02-09',28,23,4,'folga',NULL,'2026-02-10 21:22:06','2026-02-10 21:22:06',NULL),(688,'2026-02-09',29,23,4,'folga',NULL,'2026-02-10 21:22:06','2026-02-10 21:22:06',NULL),(689,'2026-02-09',30,23,4,'presente',NULL,'2026-02-10 21:22:06','2026-02-10 21:22:06',NULL),(690,'2026-02-09',33,23,6,'folga',NULL,'2026-02-10 21:22:06','2026-02-10 21:22:06',NULL),(691,'2026-02-09',32,23,6,'ferias',NULL,'2026-02-10 21:22:06','2026-02-10 21:22:06',55),(692,'2026-02-09',55,23,6,'presente',NULL,'2026-02-10 21:22:06','2026-02-10 21:22:06',NULL),(693,'2026-02-09',56,23,6,'folga',NULL,'2026-02-10 21:22:06','2026-02-10 21:22:06',NULL),(694,'2026-02-10',35,23,1,'presente',NULL,'2026-02-10 21:22:33','2026-02-10 21:22:33',NULL),(695,'2026-02-10',28,23,4,'presente',NULL,'2026-02-10 21:22:33','2026-02-10 21:22:33',NULL),(696,'2026-02-10',57,23,1,'presente',NULL,'2026-02-10 21:22:33','2026-02-10 21:22:33',NULL),(697,'2026-02-10',34,23,1,'presente',NULL,'2026-02-10 21:22:33','2026-02-10 21:22:33',NULL),(698,'2026-02-10',56,23,6,'presente',NULL,'2026-02-10 21:22:33','2026-02-10 21:22:33',NULL),(699,'2026-02-09',62,28,4,'folga',NULL,'2026-02-10 21:23:58','2026-02-10 21:23:58',NULL),(700,'2026-02-09',66,28,4,'presente',NULL,'2026-02-10 21:23:58','2026-02-10 21:23:58',NULL),(701,'2026-02-09',65,28,6,'presente',NULL,'2026-02-10 21:23:58','2026-02-10 21:23:58',NULL),(702,'2026-02-09',61,28,6,'folga',NULL,'2026-02-10 21:23:58','2026-02-10 21:23:58',NULL),(703,'2026-02-09',63,28,6,'folga',NULL,'2026-02-10 21:23:58','2026-02-10 21:23:58',NULL),(704,'2026-02-09',64,28,4,'folga',NULL,'2026-02-10 21:23:58','2026-02-10 21:23:58',NULL),(705,'2026-02-09',68,28,1,'folga',NULL,'2026-02-10 21:23:58','2026-02-10 21:23:58',NULL),(706,'2026-02-10',62,28,4,'presente',NULL,'2026-02-10 21:24:34','2026-02-10 21:24:34',NULL),(707,'2026-02-10',61,28,6,'presente',NULL,'2026-02-10 21:24:34','2026-02-10 21:24:34',NULL),(708,'2026-02-10',67,28,1,'presente',NULL,'2026-02-10 21:24:34','2026-02-10 21:24:34',NULL),(709,'2026-02-09',49,11,6,'folga',NULL,'2026-02-10 21:25:31','2026-02-10 21:25:31',NULL),(710,'2026-02-09',47,11,4,'folga',NULL,'2026-02-10 21:25:31','2026-02-10 21:25:31',NULL),(711,'2026-02-09',48,11,4,'presente',NULL,'2026-02-10 21:25:31','2026-02-10 21:25:31',NULL),(712,'2026-02-09',52,11,3,'folga',NULL,'2026-02-10 21:25:31','2026-02-10 21:25:31',NULL),(713,'2026-02-09',50,11,6,'presente',NULL,'2026-02-10 21:25:31','2026-02-10 21:25:31',NULL),(714,'2026-02-10',49,11,6,'presente',NULL,'2026-02-10 21:25:56','2026-02-10 21:25:56',NULL),(715,'2026-02-10',47,11,4,'presente',NULL,'2026-02-10 21:25:56','2026-02-10 21:25:56',NULL),(716,'2026-02-10',51,11,1,'presente',NULL,'2026-02-10 21:25:56','2026-02-10 21:25:56',NULL),(717,'2026-02-10',54,11,6,'folga',NULL,'2026-02-10 21:25:56','2026-02-10 21:25:56',NULL),(718,'2026-02-10',53,11,6,'presente',NULL,'2026-02-10 21:25:56','2026-02-10 21:25:56',NULL),(719,'2026-02-10',48,11,4,'presente',NULL,'2026-02-10 21:25:56','2026-02-10 21:25:56',NULL),(720,'2026-02-10',52,11,3,'presente',NULL,'2026-02-10 21:25:56','2026-02-10 21:25:56',NULL),(721,'2026-02-10',50,11,6,'folga',NULL,'2026-02-10 21:25:56','2026-02-10 21:25:56',NULL),(722,'2026-02-09',43,18,4,'folga',NULL,'2026-02-10 21:26:56','2026-02-10 21:26:56',NULL),(723,'2026-02-09',40,18,6,'presente',NULL,'2026-02-10 21:26:56','2026-02-10 21:26:56',NULL),(724,'2026-02-09',38,18,6,'folga',NULL,'2026-02-10 21:26:56','2026-02-10 21:26:56',NULL),(725,'2026-02-09',95,18,6,'folga',NULL,'2026-02-10 21:26:56','2026-02-10 21:26:56',NULL),(726,'2026-02-09',102,18,6,'folga',NULL,'2026-02-10 21:26:56','2026-02-10 21:26:56',NULL),(727,'2026-02-09',44,18,4,'folga',NULL,'2026-02-10 21:26:56','2026-02-10 21:26:56',NULL),(728,'2026-02-09',41,18,4,'presente',NULL,'2026-02-10 21:26:56','2026-02-10 21:26:56',NULL),(729,'2026-02-09',39,18,6,'folga',NULL,'2026-02-10 21:26:56','2026-02-10 21:26:56',NULL),(730,'2026-02-10',43,18,4,'presente',NULL,'2026-02-10 21:29:25','2026-02-10 21:29:25',NULL),(731,'2026-02-10',36,18,6,'folga',NULL,'2026-02-10 21:29:25','2026-02-10 21:29:25',NULL),(732,'2026-02-10',40,18,6,'folga',NULL,'2026-02-10 21:29:25','2026-02-10 21:29:25',NULL),(733,'2026-02-10',38,18,6,'presente',NULL,'2026-02-10 21:29:25','2026-02-10 21:29:25',NULL),(734,'2026-02-10',42,18,4,'folga',NULL,'2026-02-10 21:29:25','2026-02-10 21:29:25',NULL),(735,'2026-02-10',95,18,6,'folga',NULL,'2026-02-10 21:29:25','2026-02-10 21:29:25',NULL),(736,'2026-02-10',46,18,1,'presente',NULL,'2026-02-10 21:29:25','2026-02-10 21:29:25',NULL),(737,'2026-02-10',114,18,6,'presente',NULL,'2026-02-10 21:29:25','2026-02-10 21:29:25',NULL),(738,'2026-02-10',102,18,6,'folga',NULL,'2026-02-10 21:29:25','2026-02-10 21:29:25',NULL),(739,'2026-02-10',44,18,4,'presente',NULL,'2026-02-10 21:29:25','2026-02-10 21:29:25',NULL),(740,'2026-02-10',41,18,4,'folga',NULL,'2026-02-10 21:29:25','2026-02-10 21:29:25',NULL),(741,'2026-02-10',39,18,6,'folga',NULL,'2026-02-10 21:29:25','2026-02-10 21:29:25',NULL),(742,'2026-02-10',45,18,4,'presente',NULL,'2026-02-10 21:29:25','2026-02-10 21:29:25',NULL),(743,'2026-02-09',114,18,6,'folga',NULL,'2026-02-10 21:29:34','2026-02-10 21:29:34',NULL),(744,'2026-02-08',114,18,6,'folga',NULL,'2026-02-10 21:29:41','2026-02-10 21:29:41',NULL),(745,'2026-02-07',114,18,6,'folga',NULL,'2026-02-10 21:29:48','2026-02-10 21:29:48',NULL),(746,'2026-02-06',114,18,6,'folga',NULL,'2026-02-10 21:29:56','2026-02-10 21:29:56',NULL),(747,'2026-02-05',114,18,6,'folga',NULL,'2026-02-10 21:30:04','2026-02-10 21:30:04',NULL),(748,'2026-02-01',114,18,6,'folga',NULL,'2026-02-10 21:30:11','2026-02-10 21:30:11',NULL),(749,'2026-02-02',95,18,6,'folga',NULL,'2026-02-10 21:30:18','2026-02-10 21:30:18',NULL),(750,'2026-02-03',114,18,6,'folga',NULL,'2026-02-10 21:30:27','2026-02-10 21:30:27',NULL),(751,'2026-02-04',114,18,6,'folga',NULL,'2026-02-10 21:30:36','2026-02-10 21:30:36',NULL),(752,'2026-02-01',115,7,3,'folga',NULL,'2026-02-10 21:40:31','2026-02-10 21:40:31',NULL),(753,'2026-02-01',116,7,1,'folga',NULL,'2026-02-10 21:40:31','2026-02-10 21:40:31',NULL),(754,'2026-02-01',109,7,4,'folga',NULL,'2026-02-10 21:40:31','2026-02-10 21:40:31',NULL),(755,'2026-02-01',112,7,4,'folga',NULL,'2026-02-10 21:40:31','2026-02-10 21:40:31',NULL),(756,'2026-02-01',110,7,6,'folga',NULL,'2026-02-10 21:40:31','2026-02-10 21:40:31',NULL),(757,'2026-02-01',113,7,6,'folga',NULL,'2026-02-10 21:40:31','2026-02-10 21:40:31',NULL),(758,'2026-02-01',111,7,6,'presente',NULL,'2026-02-10 21:40:31','2026-02-10 21:40:31',NULL),(759,'2026-02-01',107,7,4,'presente',NULL,'2026-02-10 21:40:31','2026-02-10 21:40:31',NULL),(760,'2026-02-01',108,7,6,'presente',NULL,'2026-02-10 21:40:31','2026-02-10 21:40:31',NULL),(761,'2026-02-01',117,7,4,'presente',NULL,'2026-02-10 21:40:31','2026-02-10 21:40:31',NULL),(762,'2026-02-02',115,7,3,'folga',NULL,'2026-02-10 21:41:05','2026-02-10 21:41:05',NULL),(763,'2026-02-02',116,7,1,'folga',NULL,'2026-02-10 21:41:05','2026-02-10 21:41:05',NULL),(764,'2026-02-02',109,7,4,'presente',NULL,'2026-02-10 21:41:05','2026-02-10 21:41:05',NULL),(765,'2026-02-02',112,7,4,'folga',NULL,'2026-02-10 21:41:05','2026-02-10 21:41:05',NULL),(766,'2026-02-02',110,7,6,'presente',NULL,'2026-02-10 21:41:05','2026-02-10 21:41:05',NULL),(767,'2026-02-02',113,7,6,'presente',NULL,'2026-02-10 21:41:05','2026-02-10 21:41:05',NULL),(768,'2026-02-02',111,7,6,'folga',NULL,'2026-02-10 21:41:05','2026-02-10 21:41:05',NULL),(769,'2026-02-02',107,7,4,'folga',NULL,'2026-02-10 21:41:05','2026-02-10 21:41:05',NULL),(770,'2026-02-02',108,7,6,'folga',NULL,'2026-02-10 21:41:05','2026-02-10 21:41:05',NULL),(771,'2026-02-02',117,7,4,'presente',NULL,'2026-02-10 21:41:05','2026-02-10 21:41:05',NULL),(772,'2026-02-04',89,25,6,'presente',NULL,'2026-02-10 21:54:26','2026-02-10 21:54:26',NULL),(773,'2026-02-04',90,25,6,'folga',NULL,'2026-02-10 21:54:26','2026-02-10 21:54:26',NULL),(774,'2026-02-04',84,25,4,'folga',NULL,'2026-02-10 21:54:26','2026-02-10 21:54:26',NULL),(775,'2026-02-04',88,25,6,'folga',NULL,'2026-02-10 21:54:26','2026-02-10 21:54:26',NULL),(776,'2026-02-04',85,25,4,'presente',NULL,'2026-02-10 21:54:26','2026-02-10 21:54:26',NULL),(777,'2026-02-04',86,25,4,'folga',NULL,'2026-02-10 21:54:26','2026-02-10 21:54:26',NULL),(778,'2026-02-05',91,25,6,'folga',NULL,'2026-02-10 21:55:16','2026-02-10 21:55:16',NULL),(779,'2026-02-05',92,25,1,'presente',NULL,'2026-02-10 21:55:16','2026-02-10 21:55:16',NULL),(780,'2026-02-05',89,25,6,'folga',NULL,'2026-02-10 21:55:16','2026-02-10 21:55:16',NULL),(781,'2026-02-05',90,25,6,'presente',NULL,'2026-02-10 21:55:16','2026-02-10 21:55:16',NULL),(782,'2026-02-05',93,25,2,'presente',NULL,'2026-02-10 21:55:16','2026-02-10 21:55:16',NULL),(783,'2026-02-05',83,25,4,'folga',NULL,'2026-02-10 21:55:16','2026-02-10 21:55:16',NULL),(784,'2026-02-05',84,25,4,'presente',NULL,'2026-02-10 21:55:16','2026-02-10 21:55:16',NULL),(785,'2026-02-05',87,25,6,'folga',NULL,'2026-02-10 21:55:16','2026-02-10 21:55:16',NULL),(786,'2026-02-05',88,25,6,'presente',NULL,'2026-02-10 21:55:16','2026-02-10 21:55:16',NULL),(787,'2026-02-05',85,25,4,'folga',NULL,'2026-02-10 21:55:16','2026-02-10 21:55:16',NULL),(788,'2026-02-05',86,25,4,'presente',NULL,'2026-02-10 21:55:16','2026-02-10 21:55:16',NULL),(789,'2026-02-06',91,25,6,'folga',NULL,'2026-02-10 21:56:41','2026-02-10 21:56:41',NULL),(790,'2026-02-06',92,25,1,'presente',NULL,'2026-02-10 21:56:41','2026-02-10 21:56:41',NULL),(791,'2026-02-06',89,25,6,'presente',NULL,'2026-02-10 21:56:41','2026-02-10 21:56:41',NULL),(792,'2026-02-06',90,25,6,'folga',NULL,'2026-02-10 21:56:41','2026-02-10 21:56:41',NULL),(793,'2026-02-06',93,25,2,'presente',NULL,'2026-02-10 21:56:41','2026-02-10 21:56:41',NULL),(794,'2026-02-06',83,25,4,'presente',NULL,'2026-02-10 21:56:41','2026-02-10 21:56:41',NULL),(795,'2026-02-06',84,25,4,'folga',NULL,'2026-02-10 21:56:41','2026-02-10 21:56:41',NULL),(796,'2026-02-06',87,25,6,'presente',NULL,'2026-02-10 21:56:41','2026-02-10 21:56:41',NULL),(797,'2026-02-06',88,25,6,'folga',NULL,'2026-02-10 21:56:41','2026-02-10 21:56:41',NULL),(798,'2026-02-06',85,25,4,'presente',NULL,'2026-02-10 21:56:41','2026-02-10 21:56:41',NULL),(799,'2026-02-06',86,25,4,'folga',NULL,'2026-02-10 21:56:41','2026-02-10 21:56:41',NULL),(800,'2026-02-07',91,25,6,'folga',NULL,'2026-02-10 21:58:04','2026-02-10 21:58:04',NULL),(801,'2026-02-07',92,25,1,'folga',NULL,'2026-02-10 21:58:04','2026-02-10 21:58:04',NULL),(802,'2026-02-07',89,25,6,'folga',NULL,'2026-02-10 21:58:04','2026-02-10 21:58:04',NULL),(803,'2026-02-07',90,25,6,'presente',NULL,'2026-02-10 21:58:04','2026-02-10 21:58:04',NULL),(804,'2026-02-07',93,25,2,'folga',NULL,'2026-02-10 21:58:04','2026-02-10 21:58:04',NULL),(805,'2026-02-07',83,25,4,'folga',NULL,'2026-02-10 21:58:04','2026-02-10 21:58:04',NULL),(806,'2026-02-07',84,25,4,'presente',NULL,'2026-02-10 21:58:04','2026-02-10 21:58:04',NULL),(807,'2026-02-07',87,25,6,'folga',NULL,'2026-02-10 21:58:04','2026-02-10 21:58:04',NULL),(808,'2026-02-07',88,25,6,'presente',NULL,'2026-02-10 21:58:04','2026-02-10 21:58:04',NULL),(809,'2026-02-07',85,25,4,'presente',NULL,'2026-02-10 21:58:04','2026-02-10 21:58:04',NULL),(810,'2026-02-07',86,25,4,'folga',NULL,'2026-02-10 21:58:04','2026-02-10 21:58:04',NULL),(811,'2026-02-08',91,25,6,'folga',NULL,'2026-02-10 21:58:44','2026-02-10 21:58:44',NULL),(812,'2026-02-08',92,25,1,'folga',NULL,'2026-02-10 21:58:44','2026-02-10 21:58:44',NULL),(813,'2026-02-08',89,25,6,'folga',NULL,'2026-02-10 21:58:44','2026-02-10 21:58:44',NULL),(814,'2026-02-08',90,25,6,'presente',NULL,'2026-02-10 21:58:44','2026-02-10 21:58:44',NULL),(815,'2026-02-08',93,25,2,'folga',NULL,'2026-02-10 21:58:44','2026-02-10 21:58:44',NULL),(816,'2026-02-08',83,25,4,'presente',NULL,'2026-02-10 21:58:44','2026-02-10 21:58:44',NULL),(817,'2026-02-08',84,25,4,'folga',NULL,'2026-02-10 21:58:44','2026-02-10 21:58:44',NULL),(818,'2026-02-08',87,25,6,'presente',NULL,'2026-02-10 21:58:44','2026-02-10 21:58:44',NULL),(819,'2026-02-08',88,25,6,'folga',NULL,'2026-02-10 21:58:44','2026-02-10 21:58:44',NULL),(820,'2026-02-08',85,25,4,'presente',NULL,'2026-02-10 21:58:44','2026-02-10 21:58:44',NULL),(821,'2026-02-08',86,25,4,'folga',NULL,'2026-02-10 21:58:44','2026-02-10 21:58:44',NULL),(822,'2026-02-09',91,25,6,'folga',NULL,'2026-02-10 21:59:28','2026-02-10 21:59:28',NULL),(823,'2026-02-09',92,25,1,'presente',NULL,'2026-02-10 21:59:28','2026-02-10 21:59:28',NULL),(824,'2026-02-09',89,25,6,'folga',NULL,'2026-02-10 21:59:28','2026-02-10 21:59:28',NULL),(825,'2026-02-09',90,25,6,'presente',NULL,'2026-02-10 21:59:28','2026-02-10 21:59:28',NULL),(826,'2026-02-09',93,25,2,'presente',NULL,'2026-02-10 21:59:28','2026-02-10 21:59:28',NULL),(827,'2026-02-09',84,25,4,'presente',NULL,'2026-02-10 21:59:28','2026-02-10 21:59:28',NULL),(828,'2026-02-09',87,25,6,'folga',NULL,'2026-02-10 21:59:28','2026-02-10 21:59:28',NULL),(829,'2026-02-09',88,25,6,'presente',NULL,'2026-02-10 21:59:28','2026-02-10 21:59:28',NULL),(830,'2026-02-09',85,25,4,'folga',NULL,'2026-02-10 21:59:28','2026-02-10 21:59:28',NULL),(831,'2026-02-09',86,25,4,'presente',NULL,'2026-02-10 21:59:28','2026-02-10 21:59:28',NULL),(832,'2026-02-09',83,25,4,'folga',NULL,'2026-02-10 21:59:38','2026-02-10 21:59:38',NULL),(833,'2026-02-10',91,25,6,'folga',NULL,'2026-02-10 22:00:26','2026-02-10 22:00:26',NULL),(834,'2026-02-10',92,25,1,'presente',NULL,'2026-02-10 22:00:26','2026-02-10 22:00:26',NULL),(835,'2026-02-10',89,25,6,'presente',NULL,'2026-02-10 22:00:26','2026-02-10 22:00:26',NULL),(836,'2026-02-10',90,25,6,'folga',NULL,'2026-02-10 22:00:26','2026-02-10 22:00:26',NULL),(837,'2026-02-10',93,25,2,'presente',NULL,'2026-02-10 22:00:26','2026-02-10 22:00:26',NULL),(838,'2026-02-10',83,25,4,'presente',NULL,'2026-02-10 22:00:26','2026-02-10 22:00:26',NULL),(839,'2026-02-10',84,25,4,'folga',NULL,'2026-02-10 22:00:26','2026-02-10 22:00:26',NULL),(840,'2026-02-10',87,25,6,'presente',NULL,'2026-02-10 22:00:26','2026-02-10 22:00:26',NULL),(841,'2026-02-10',88,25,6,'folga',NULL,'2026-02-10 22:00:26','2026-02-10 22:00:26',NULL),(842,'2026-02-10',85,25,4,'presente',NULL,'2026-02-10 22:00:26','2026-02-10 22:00:26',NULL),(843,'2026-02-10',86,25,4,'folga',NULL,'2026-02-10 22:00:26','2026-02-10 22:00:26',NULL),(844,'2026-02-10',27,23,4,'folga',NULL,'2026-02-10 22:07:59','2026-02-10 22:07:59',NULL),(845,'2026-02-10',29,23,4,'presente',NULL,'2026-02-10 22:07:59','2026-02-10 22:07:59',NULL),(846,'2026-02-10',31,23,6,'folga',NULL,'2026-02-10 22:07:59','2026-02-10 22:07:59',NULL),(847,'2026-02-10',33,23,6,'presente',NULL,'2026-02-10 22:07:59','2026-02-10 22:07:59',NULL),(848,'2026-02-10',32,23,6,'folga',NULL,'2026-02-10 22:07:59','2026-02-10 22:07:59',NULL),(849,'2026-02-10',30,23,4,'folga',NULL,'2026-02-10 22:08:05','2026-02-10 22:08:05',NULL),(850,'2026-02-09',75,14,4,'presente',NULL,'2026-02-10 22:09:28','2026-02-10 22:09:28',NULL),(851,'2026-02-09',79,14,8,'presente',NULL,'2026-02-10 22:09:28','2026-02-10 22:09:28',NULL),(852,'2026-02-09',106,14,4,'presente',NULL,'2026-02-10 22:09:28','2026-02-10 22:09:28',NULL),(853,'2026-02-11',36,18,6,'presente',NULL,'2026-02-11 11:38:03','2026-02-11 11:38:03',NULL),(854,'2026-02-11',42,18,4,'presente',NULL,'2026-02-11 11:38:03','2026-02-11 11:38:03',NULL),(855,'2026-02-11',46,18,1,'presente',NULL,'2026-02-11 11:38:03','2026-02-11 11:38:03',NULL),(856,'2026-02-11',45,18,4,'presente',NULL,'2026-02-11 11:38:03','2026-02-11 11:38:03',NULL),(857,'2026-02-10',66,28,4,'presente',NULL,'2026-02-11 11:38:45','2026-02-11 11:38:45',NULL),(858,'2026-02-10',65,28,6,'folga',NULL,'2026-02-11 11:38:45','2026-02-11 11:38:45',NULL),(859,'2026-02-10',60,28,6,'folga',NULL,'2026-02-11 11:38:45','2026-02-11 11:38:45',NULL),(860,'2026-02-10',63,28,6,'presente',NULL,'2026-02-11 11:38:45','2026-02-11 11:38:45',NULL),(861,'2026-02-10',59,28,4,'folga',NULL,'2026-02-11 11:38:45','2026-02-11 11:38:45',NULL),(862,'2026-02-10',64,28,4,'folga',NULL,'2026-02-11 11:38:45','2026-02-11 11:38:45',NULL),(863,'2026-02-10',68,28,1,'folga',NULL,'2026-02-11 11:38:45','2026-02-11 11:38:45',NULL),(864,'2026-02-11',60,28,6,'presente',NULL,'2026-02-11 11:39:04','2026-02-11 11:39:04',NULL),(865,'2026-02-11',59,28,4,'presente',NULL,'2026-02-11 11:39:04','2026-02-11 11:39:04',NULL),(866,'2026-02-11',67,28,1,'presente',NULL,'2026-02-11 11:39:04','2026-02-11 11:39:04',NULL),(867,'2026-02-11',47,11,4,'presente',NULL,'2026-02-11 11:39:35','2026-02-11 11:39:35',NULL),(868,'2026-02-11',51,11,1,'presente',NULL,'2026-02-11 11:39:35','2026-02-11 11:39:35',NULL),(869,'2026-02-11',54,11,6,'presente',NULL,'2026-02-11 11:39:35','2026-02-11 11:39:35',NULL),(870,'2026-02-11',52,11,3,'presente',NULL,'2026-02-11 11:39:35','2026-02-11 11:39:35',NULL),(871,'2026-02-11',94,26,8,'presente',NULL,'2026-02-11 11:46:23','2026-02-11 11:46:23',NULL),(872,'2026-02-11',26,26,2,'presente',NULL,'2026-02-11 11:46:23','2026-02-11 11:46:23',NULL),(873,'2026-02-11',22,26,1,'presente',NULL,'2026-02-11 11:46:23','2026-02-11 11:46:23',NULL),(874,'2026-02-11',101,26,8,'presente',NULL,'2026-02-11 11:46:23','2026-02-11 11:46:23',NULL),(875,'2026-02-11',27,23,4,'presente',NULL,'2026-02-11 11:48:00','2026-02-11 11:48:00',NULL),(876,'2026-02-11',57,23,1,'presente',NULL,'2026-02-11 11:48:00','2026-02-11 11:48:00',NULL),(877,'2026-02-11',31,23,6,'presente',NULL,'2026-02-11 11:48:00','2026-02-11 11:48:00',NULL),(878,'2026-02-11',34,23,1,'presente',NULL,'2026-02-11 11:48:00','2026-02-11 11:48:00',NULL),(879,'2026-02-09',72,10,4,'presente',NULL,'2026-02-11 12:11:49','2026-02-11 12:11:49',NULL),(880,'2026-02-09',104,10,4,'folga',NULL,'2026-02-11 12:11:49','2026-02-11 12:11:49',NULL),(881,'2026-02-09',73,10,4,'folga',NULL,'2026-02-11 12:11:49','2026-02-11 12:11:49',NULL),(882,'2026-02-09',103,10,4,'folga',NULL,'2026-02-11 12:11:49','2026-02-11 12:11:49',NULL),(883,'2026-02-09',97,10,4,'folga',NULL,'2026-02-11 12:11:49','2026-02-11 12:11:49',NULL),(884,'2026-02-09',98,10,4,'presente',NULL,'2026-02-11 12:11:49','2026-02-11 12:11:49',NULL),(885,'2026-02-09',99,10,4,'presente',NULL,'2026-02-11 12:11:49','2026-02-11 12:11:49',NULL),(886,'2026-02-09',70,10,2,'presente',NULL,'2026-02-11 12:11:49','2026-02-11 12:11:49',NULL),(887,'2026-02-09',71,10,3,'presente',NULL,'2026-02-11 12:11:49','2026-02-11 12:11:49',NULL),(888,'2026-02-09',96,10,4,'presente',NULL,'2026-02-11 12:11:49','2026-02-11 12:11:49',NULL),(889,'2026-02-09',69,10,1,'presente',NULL,'2026-02-11 12:11:49','2026-02-11 12:11:49',NULL),(890,'2026-02-09',74,10,4,'folga',NULL,'2026-02-11 12:12:07','2026-02-11 12:12:07',NULL),(891,'2026-02-10',74,10,4,'folga',NULL,'2026-02-11 12:13:04','2026-02-11 12:13:04',NULL),(892,'2026-02-10',72,10,4,'folga',NULL,'2026-02-11 12:13:04','2026-02-11 12:13:04',NULL),(893,'2026-02-10',104,10,4,'folga',NULL,'2026-02-11 12:13:04','2026-02-11 12:13:04',NULL),(894,'2026-02-10',73,10,4,'presente',NULL,'2026-02-11 12:13:04','2026-02-11 12:13:04',NULL),(895,'2026-02-10',103,10,4,'presente',NULL,'2026-02-11 12:13:04','2026-02-11 12:13:04',NULL),(896,'2026-02-10',97,10,4,'folga',NULL,'2026-02-11 12:13:04','2026-02-11 12:13:04',NULL),(897,'2026-02-10',98,10,4,'presente',NULL,'2026-02-11 12:13:04','2026-02-11 12:13:04',NULL),(898,'2026-02-10',99,10,4,'folga',NULL,'2026-02-11 12:13:04','2026-02-11 12:13:04',NULL),(899,'2026-02-10',70,10,2,'presente',NULL,'2026-02-11 12:13:04','2026-02-11 12:13:04',NULL),(900,'2026-02-10',71,10,3,'presente',NULL,'2026-02-11 12:13:04','2026-02-11 12:13:04',NULL),(901,'2026-02-10',96,10,4,'presente',NULL,'2026-02-11 12:13:04','2026-02-11 12:13:04',NULL),(902,'2026-02-10',69,10,1,'presente',NULL,'2026-02-11 12:13:04','2026-02-11 12:13:04',NULL),(903,'2026-02-11',103,10,4,'presente',NULL,'2026-02-11 12:13:45','2026-02-11 12:13:45',NULL),(904,'2026-02-11',99,10,4,'presente',NULL,'2026-02-11 12:13:45','2026-02-11 12:13:45',NULL),(905,'2026-02-11',70,10,2,'presente',NULL,'2026-02-11 12:13:45','2026-02-11 12:13:45',NULL),(906,'2026-02-11',71,10,3,'presente',NULL,'2026-02-11 12:13:45','2026-02-11 12:13:45',NULL),(907,'2026-02-11',69,10,1,'presente',NULL,'2026-02-11 12:13:45','2026-02-11 12:13:45',NULL),(908,'2026-02-11',92,25,1,'presente',NULL,'2026-02-11 12:14:31','2026-02-11 12:14:31',NULL),(909,'2026-02-11',93,25,2,'presente',NULL,'2026-02-11 12:14:31','2026-02-11 12:14:31',NULL),(910,'2026-02-11',84,25,4,'presente',NULL,'2026-02-11 12:14:31','2026-02-11 12:14:31',NULL),(911,'2026-02-11',88,25,6,'presente',NULL,'2026-02-11 12:14:31','2026-02-11 12:14:31',NULL),(912,'2026-02-01',118,7,1,'folga',NULL,'2026-02-11 12:16:44','2026-02-11 12:16:44',NULL),(913,'2026-02-02',118,7,1,'folga',NULL,'2026-02-11 12:17:01','2026-02-11 12:17:01',NULL),(914,'2026-02-01',120,7,4,'folga',NULL,'2026-02-11 12:22:40','2026-02-11 12:22:40',NULL),(915,'2026-02-02',120,7,4,'folga',NULL,'2026-02-11 12:22:47','2026-02-11 12:22:47',NULL),(916,'2026-02-03',115,7,3,'folga',NULL,'2026-02-11 12:23:19','2026-02-11 12:23:19',NULL),(917,'2026-02-03',116,7,1,'folga',NULL,'2026-02-11 12:23:19','2026-02-11 12:23:19',NULL),(918,'2026-02-03',109,7,4,'folga',NULL,'2026-02-11 12:23:19','2026-02-11 12:23:19',NULL),(919,'2026-02-03',112,7,4,'folga',NULL,'2026-02-11 12:23:19','2026-02-11 12:23:19',NULL),(920,'2026-02-03',110,7,6,'folga',NULL,'2026-02-11 12:23:19','2026-02-11 12:23:19',NULL),(921,'2026-02-03',113,7,6,'folga',NULL,'2026-02-11 12:23:19','2026-02-11 12:23:19',NULL),(922,'2026-02-03',111,7,6,'folga',NULL,'2026-02-11 12:23:19','2026-02-11 12:23:19',NULL),(923,'2026-02-03',107,7,4,'presente',NULL,'2026-02-11 12:23:19','2026-02-11 12:23:19',NULL),(924,'2026-02-03',118,7,1,'folga',NULL,'2026-02-11 12:23:19','2026-02-11 12:23:19',NULL),(925,'2026-02-03',108,7,6,'presente',NULL,'2026-02-11 12:23:19','2026-02-11 12:23:19',NULL),(926,'2026-02-03',120,7,4,'presente',NULL,'2026-02-11 12:23:19','2026-02-11 12:23:19',NULL),(927,'2026-02-03',117,7,4,'presente',NULL,'2026-02-11 12:23:19','2026-02-11 12:23:19',NULL),(928,'2026-02-04',115,7,3,'presente',NULL,'2026-02-11 12:37:28','2026-02-11 12:37:28',NULL),(929,'2026-02-04',116,7,1,'folga',NULL,'2026-02-11 12:37:28','2026-02-11 12:37:28',NULL),(930,'2026-02-04',109,7,4,'presente',NULL,'2026-02-11 12:37:28','2026-02-11 12:37:28',NULL),(931,'2026-02-04',112,7,4,'presente',NULL,'2026-02-11 12:37:28','2026-02-11 12:37:28',NULL),(932,'2026-02-04',110,7,6,'presente',NULL,'2026-02-11 12:37:28','2026-02-11 12:37:28',NULL),(933,'2026-02-04',113,7,6,'presente',NULL,'2026-02-11 12:37:28','2026-02-11 12:37:28',NULL),(934,'2026-02-04',111,7,6,'folga',NULL,'2026-02-11 12:37:28','2026-02-11 12:37:28',NULL),(935,'2026-02-04',107,7,4,'folga',NULL,'2026-02-11 12:37:28','2026-02-11 12:37:28',NULL),(936,'2026-02-04',118,7,1,'presente',NULL,'2026-02-11 12:37:28','2026-02-11 12:37:28',NULL),(937,'2026-02-04',108,7,6,'folga',NULL,'2026-02-11 12:37:28','2026-02-11 12:37:28',NULL),(938,'2026-02-04',120,7,4,'folga',NULL,'2026-02-11 12:37:28','2026-02-11 12:37:28',NULL),(939,'2026-02-04',117,7,4,'folga',NULL,'2026-02-11 12:37:28','2026-02-11 12:37:28',NULL),(940,'2026-02-05',115,7,3,'folga',NULL,'2026-02-11 12:38:04','2026-02-11 12:38:04',NULL),(941,'2026-02-05',116,7,1,'folga',NULL,'2026-02-11 12:38:04','2026-02-11 12:38:04',NULL),(942,'2026-02-05',109,7,4,'folga',NULL,'2026-02-11 12:38:04','2026-02-11 12:38:04',NULL),(943,'2026-02-05',112,7,4,'folga',NULL,'2026-02-11 12:38:04','2026-02-11 12:38:04',NULL),(944,'2026-02-05',110,7,6,'folga',NULL,'2026-02-11 12:38:04','2026-02-11 12:38:04',NULL),(945,'2026-02-05',113,7,6,'folga',NULL,'2026-02-11 12:38:04','2026-02-11 12:38:04',NULL),(946,'2026-02-05',111,7,6,'folga',NULL,'2026-02-11 12:38:04','2026-02-11 12:38:04',NULL),(947,'2026-02-05',107,7,4,'presente',NULL,'2026-02-11 12:38:04','2026-02-11 12:38:04',NULL),(948,'2026-02-05',118,7,1,'folga',NULL,'2026-02-11 12:38:04','2026-02-11 12:38:04',NULL),(949,'2026-02-05',108,7,6,'presente',NULL,'2026-02-11 12:38:04','2026-02-11 12:38:04',NULL),(950,'2026-02-05',120,7,4,'presente',NULL,'2026-02-11 12:38:04','2026-02-11 12:38:04',NULL),(951,'2026-02-05',117,7,4,'presente',NULL,'2026-02-11 12:38:04','2026-02-11 12:38:04',NULL),(952,'2026-02-06',115,7,3,'presente',NULL,'2026-02-11 12:38:52','2026-02-11 12:38:52',NULL),(953,'2026-02-06',116,7,1,'folga',NULL,'2026-02-11 12:38:52','2026-02-11 12:38:52',NULL),(954,'2026-02-06',109,7,4,'presente',NULL,'2026-02-11 12:38:52','2026-02-11 12:38:52',NULL),(955,'2026-02-06',112,7,4,'presente',NULL,'2026-02-11 12:38:52','2026-02-11 12:38:52',NULL),(956,'2026-02-06',110,7,6,'folga',NULL,'2026-02-11 12:38:52','2026-02-11 12:38:52',NULL),(957,'2026-02-06',113,7,6,'presente',NULL,'2026-02-11 12:38:52','2026-02-11 12:38:52',NULL),(958,'2026-02-06',111,7,6,'folga',NULL,'2026-02-11 12:38:52','2026-02-11 12:38:52',NULL),(959,'2026-02-06',107,7,4,'folga',NULL,'2026-02-11 12:38:52','2026-02-11 12:38:52',NULL),(960,'2026-02-06',118,7,1,'presente',NULL,'2026-02-11 12:38:52','2026-02-11 12:38:52',NULL),(961,'2026-02-06',108,7,6,'folga',NULL,'2026-02-11 12:38:52','2026-02-11 12:38:52',NULL),(962,'2026-02-06',120,7,4,'folga',NULL,'2026-02-11 12:38:52','2026-02-11 12:38:52',NULL),(963,'2026-02-06',117,7,4,'folga',NULL,'2026-02-11 12:38:52','2026-02-11 12:38:52',NULL),(964,'2026-02-07',115,7,3,'folga',NULL,'2026-02-11 12:40:42','2026-02-11 12:40:42',NULL),(965,'2026-02-07',116,7,1,'folga',NULL,'2026-02-11 12:40:42','2026-02-11 12:40:42',NULL),(966,'2026-02-07',109,7,4,'folga',NULL,'2026-02-11 12:40:42','2026-02-11 12:40:42',NULL),(967,'2026-02-07',112,7,4,'folga',NULL,'2026-02-11 12:40:42','2026-02-11 12:40:42',NULL),(968,'2026-02-07',110,7,6,'folga',NULL,'2026-02-11 12:40:42','2026-02-11 12:40:42',NULL),(969,'2026-02-07',113,7,6,'folga',NULL,'2026-02-11 12:40:42','2026-02-11 12:40:42',NULL),(970,'2026-02-07',111,7,6,'presente',NULL,'2026-02-11 12:40:42','2026-02-11 12:40:42',NULL),(971,'2026-02-07',107,7,4,'presente',NULL,'2026-02-11 12:40:42','2026-02-11 12:40:42',NULL),(972,'2026-02-07',118,7,1,'folga',NULL,'2026-02-11 12:40:42','2026-02-11 12:40:42',NULL),(973,'2026-02-07',108,7,6,'presente',NULL,'2026-02-11 12:40:42','2026-02-11 12:40:42',NULL),(974,'2026-02-07',120,7,4,'presente',NULL,'2026-02-11 12:40:42','2026-02-11 12:40:42',NULL),(975,'2026-02-07',117,7,4,'presente',NULL,'2026-02-11 12:40:42','2026-02-11 12:40:42',NULL),(976,'2026-02-08',115,7,3,'folga',NULL,'2026-02-11 12:41:23','2026-02-11 12:41:23',NULL),(977,'2026-02-08',116,7,1,'folga',NULL,'2026-02-11 12:41:23','2026-02-11 12:41:23',NULL),(978,'2026-02-08',109,7,4,'presente',NULL,'2026-02-11 12:41:23','2026-02-11 12:41:23',NULL),(979,'2026-02-08',112,7,4,'presente',NULL,'2026-02-11 12:41:23','2026-02-11 12:41:23',NULL),(980,'2026-02-08',110,7,6,'presente',NULL,'2026-02-11 12:41:23','2026-02-11 12:41:23',NULL),(981,'2026-02-08',113,7,6,'presente',NULL,'2026-02-11 12:41:23','2026-02-11 12:41:23',NULL),(982,'2026-02-08',111,7,6,'folga',NULL,'2026-02-11 12:41:23','2026-02-11 12:41:23',NULL),(983,'2026-02-08',107,7,4,'folga',NULL,'2026-02-11 12:41:23','2026-02-11 12:41:23',NULL),(984,'2026-02-08',118,7,1,'folga',NULL,'2026-02-11 12:41:23','2026-02-11 12:41:23',NULL),(985,'2026-02-08',108,7,6,'folga',NULL,'2026-02-11 12:41:23','2026-02-11 12:41:23',NULL),(986,'2026-02-08',120,7,4,'folga',NULL,'2026-02-11 12:41:23','2026-02-11 12:41:23',NULL),(987,'2026-02-08',117,7,4,'folga',NULL,'2026-02-11 12:41:23','2026-02-11 12:41:23',NULL),(988,'2026-02-09',115,7,3,'presente',NULL,'2026-02-11 12:42:02','2026-02-11 12:42:02',NULL),(989,'2026-02-09',116,7,1,'folga',NULL,'2026-02-11 12:42:02','2026-02-11 12:42:02',NULL),(990,'2026-02-09',109,7,4,'folga',NULL,'2026-02-11 12:42:02','2026-02-11 12:42:02',NULL),(991,'2026-02-09',112,7,4,'folga',NULL,'2026-02-11 12:42:02','2026-02-11 12:42:02',NULL),(992,'2026-02-09',110,7,6,'folga',NULL,'2026-02-11 12:42:02','2026-02-11 12:42:02',NULL),(993,'2026-02-09',113,7,6,'folga',NULL,'2026-02-11 12:42:02','2026-02-11 12:42:02',NULL),(994,'2026-02-09',111,7,6,'presente',NULL,'2026-02-11 12:42:02','2026-02-11 12:42:02',NULL),(995,'2026-02-09',107,7,4,'presente',NULL,'2026-02-11 12:42:02','2026-02-11 12:42:02',NULL),(996,'2026-02-09',118,7,1,'presente',NULL,'2026-02-11 12:42:02','2026-02-11 12:42:02',NULL),(997,'2026-02-09',108,7,6,'presente',NULL,'2026-02-11 12:42:02','2026-02-11 12:42:02',NULL),(998,'2026-02-09',120,7,4,'presente',NULL,'2026-02-11 12:42:02','2026-02-11 12:42:02',NULL),(999,'2026-02-09',117,7,4,'presente',NULL,'2026-02-11 12:42:02','2026-02-11 12:42:02',NULL),(1000,'2026-02-10',115,7,3,'presente',NULL,'2026-02-11 12:43:34','2026-02-11 12:43:34',NULL),(1001,'2026-02-10',109,7,4,'presente',NULL,'2026-02-11 12:43:34','2026-02-11 12:43:34',NULL),(1002,'2026-02-10',112,7,4,'presente',NULL,'2026-02-11 12:43:34','2026-02-11 12:43:34',NULL),(1003,'2026-02-10',110,7,6,'presente',NULL,'2026-02-11 12:43:34','2026-02-11 12:43:34',NULL),(1004,'2026-02-10',111,7,6,'folga',NULL,'2026-02-11 12:43:34','2026-02-11 12:43:34',NULL),(1005,'2026-02-10',107,7,4,'folga',NULL,'2026-02-11 12:43:34','2026-02-11 12:43:34',NULL),(1006,'2026-02-10',118,7,1,'presente',NULL,'2026-02-11 12:43:34','2026-02-11 12:43:34',NULL),(1007,'2026-02-10',108,7,6,'folga',NULL,'2026-02-11 12:43:34','2026-02-11 12:43:34',NULL),(1008,'2026-02-10',120,7,4,'folga',NULL,'2026-02-11 12:43:34','2026-02-11 12:43:34',NULL),(1009,'2026-02-10',117,7,4,'folga',NULL,'2026-02-11 12:43:34','2026-02-11 12:43:34',NULL),(1010,'2026-02-10',116,7,1,'folga',NULL,'2026-02-11 12:43:39','2026-02-11 12:43:39',NULL),(1011,'2026-02-10',113,7,6,'folga',NULL,'2026-02-11 12:43:46','2026-02-11 12:43:46',NULL),(1012,'2026-02-11',115,7,3,'presente',NULL,'2026-02-11 12:44:22','2026-02-11 12:44:22',NULL),(1013,'2026-02-11',111,7,6,'presente',NULL,'2026-02-11 12:44:22','2026-02-11 12:44:22',NULL),(1014,'2026-02-11',118,7,1,'presente',NULL,'2026-02-11 12:44:22','2026-02-11 12:44:22',NULL),(1015,'2026-02-11',120,7,4,'presente',NULL,'2026-02-11 12:44:22','2026-02-11 12:44:22',NULL),(1016,'2026-02-11',117,7,4,'presente',NULL,'2026-02-11 12:44:22','2026-02-11 12:44:22',NULL),(1017,'2026-02-11',79,14,8,'presente',NULL,'2026-02-11 12:46:59','2026-02-11 12:46:59',NULL),(1018,'2026-02-11',80,14,1,'presente',NULL,'2026-02-11 12:46:59','2026-02-11 12:46:59',NULL),(1019,'2026-02-11',106,14,4,'presente',NULL,'2026-02-11 12:46:59','2026-02-11 12:46:59',NULL),(1020,'2026-02-10',75,14,4,'presente',NULL,'2026-02-11 12:52:54','2026-02-11 12:52:54',NULL),(1021,'2026-02-10',79,14,8,'presente',NULL,'2026-02-11 12:52:54','2026-02-11 12:52:54',NULL),(1022,'2026-02-10',80,14,1,'folga',NULL,'2026-02-11 12:52:54','2026-02-11 12:52:54',NULL),(1023,'2026-02-10',76,14,4,'folga',NULL,'2026-02-11 12:52:54','2026-02-11 12:52:54',NULL),(1024,'2026-02-10',119,14,1,'presente',NULL,'2026-02-11 12:52:54','2026-02-11 12:52:54',NULL),(1025,'2026-02-10',105,14,4,'folga',NULL,'2026-02-11 12:52:54','2026-02-11 12:52:54',NULL),(1026,'2026-02-10',106,14,4,'presente',NULL,'2026-02-11 12:52:54','2026-02-11 12:52:54',NULL),(1027,'2026-02-10',77,14,4,'folga',NULL,'2026-02-11 12:52:54','2026-02-11 12:52:54',NULL),(1028,'2026-02-10',78,14,4,'folga',NULL,'2026-02-11 12:52:54','2026-02-11 12:52:54',NULL),(1029,'2026-02-01',121,14,4,'presente',NULL,'2026-02-11 12:56:27','2026-02-11 12:56:27',NULL),(1030,'2026-02-01',119,14,1,'folga',NULL,'2026-02-11 12:56:37','2026-02-11 12:56:37',NULL),(1034,'2026-02-02',121,14,4,'folga',NULL,'2026-02-11 13:15:43','2026-02-11 13:15:43',NULL),(1035,'2026-02-02',119,14,1,'folga',NULL,'2026-02-11 13:15:43','2026-02-11 13:15:43',NULL),(1037,'2026-02-03',121,14,4,'folga',NULL,'2026-02-11 13:16:44','2026-02-11 13:16:44',NULL),(1038,'2026-02-03',119,14,1,'folga',NULL,'2026-02-11 13:16:44','2026-02-11 13:16:44',NULL),(1039,'2026-02-04',121,14,4,'folga',NULL,'2026-02-11 13:17:02','2026-02-11 13:17:02',NULL),(1040,'2026-02-04',119,14,1,'folga',NULL,'2026-02-11 13:17:02','2026-02-11 13:17:02',NULL),(1041,'2026-02-05',121,14,4,'folga',NULL,'2026-02-11 13:17:29','2026-02-11 13:17:29',NULL),(1042,'2026-02-05',119,14,1,'presente',NULL,'2026-02-11 13:17:29','2026-02-11 13:17:29',NULL),(1043,'2026-02-06',121,14,4,'folga',NULL,'2026-02-11 13:18:09','2026-02-11 13:18:09',NULL),(1044,'2026-02-06',119,14,1,'presente',NULL,'2026-02-11 13:18:09','2026-02-11 13:18:09',NULL),(1045,'2026-02-07',121,14,4,'folga',NULL,'2026-02-11 13:19:19','2026-02-11 13:19:19',NULL),(1046,'2026-02-07',119,14,1,'folga',NULL,'2026-02-11 13:19:19','2026-02-11 13:19:19',NULL),(1047,'2026-02-08',121,14,4,'folga',NULL,'2026-02-11 13:34:27','2026-02-11 13:34:27',NULL),(1048,'2026-02-08',119,14,1,'presente',NULL,'2026-02-11 13:34:27','2026-02-11 13:34:27',NULL),(1049,'2026-02-09',121,14,4,'folga',NULL,'2026-02-11 13:35:22','2026-02-11 13:35:22',NULL),(1050,'2026-02-09',80,14,1,'folga',NULL,'2026-02-11 13:35:22','2026-02-11 13:35:22',NULL),(1051,'2026-02-09',76,14,4,'presente',NULL,'2026-02-11 13:35:22','2026-02-11 13:35:22',NULL),(1052,'2026-02-09',119,14,1,'presente',NULL,'2026-02-11 13:35:22','2026-02-11 13:35:22',NULL),(1053,'2026-02-09',105,14,4,'folga',NULL,'2026-02-11 13:35:22','2026-02-11 13:35:22',NULL),(1054,'2026-02-09',77,14,4,'folga',NULL,'2026-02-11 13:35:22','2026-02-11 13:35:22',NULL),(1055,'2026-02-09',78,14,4,'folga',NULL,'2026-02-11 13:35:22','2026-02-11 13:35:22',NULL),(1056,'2026-02-10',121,14,4,'folga',NULL,'2026-02-11 13:35:42','2026-02-11 13:35:42',NULL),(1057,'2026-02-11',43,18,4,'folga',NULL,'2026-02-11 21:00:34','2026-02-11 21:00:34',NULL),(1058,'2026-02-11',40,18,6,'presente',NULL,'2026-02-11 21:00:34','2026-02-11 21:00:34',NULL),(1059,'2026-02-11',38,18,6,'folga',NULL,'2026-02-11 21:00:34','2026-02-11 21:00:34',NULL),(1060,'2026-02-11',95,18,6,'folga',NULL,'2026-02-11 21:00:34','2026-02-11 21:00:34',NULL),(1061,'2026-02-11',114,18,6,'folga',NULL,'2026-02-11 21:00:34','2026-02-11 21:00:34',NULL),(1062,'2026-02-11',102,18,6,'folga',NULL,'2026-02-11 21:00:34','2026-02-11 21:00:34',NULL),(1063,'2026-02-11',44,18,4,'folga',NULL,'2026-02-11 21:00:34','2026-02-11 21:00:34',NULL),(1064,'2026-02-11',41,18,4,'presente',NULL,'2026-02-11 21:00:34','2026-02-11 21:00:34',NULL),(1065,'2026-02-11',39,18,6,'folga',NULL,'2026-02-11 21:00:34','2026-02-11 21:00:34',NULL),(1066,'2026-02-11',91,25,6,'folga',NULL,'2026-02-11 21:01:33','2026-02-11 21:01:33',NULL),(1067,'2026-02-11',89,25,6,'folga',NULL,'2026-02-11 21:01:33','2026-02-11 21:01:33',NULL),(1068,'2026-02-11',90,25,6,'presente',NULL,'2026-02-11 21:01:33','2026-02-11 21:01:33',NULL),(1069,'2026-02-11',83,25,4,'folga',NULL,'2026-02-11 21:01:33','2026-02-11 21:01:33',NULL),(1070,'2026-02-11',87,25,6,'folga',NULL,'2026-02-11 21:01:33','2026-02-11 21:01:33',NULL),(1071,'2026-02-11',85,25,4,'folga',NULL,'2026-02-11 21:01:33','2026-02-11 21:01:33',NULL),(1072,'2026-02-11',86,25,4,'presente',NULL,'2026-02-11 21:01:33','2026-02-11 21:01:33',NULL),(1073,'2026-02-11',116,7,1,'folga',NULL,'2026-02-11 21:02:30','2026-02-11 21:02:30',NULL),(1074,'2026-02-11',109,7,4,'folga',NULL,'2026-02-11 21:02:30','2026-02-11 21:02:30',NULL),(1075,'2026-02-11',112,7,4,'folga',NULL,'2026-02-11 21:02:30','2026-02-11 21:02:30',NULL),(1076,'2026-02-11',110,7,6,'folga',NULL,'2026-02-11 21:02:30','2026-02-11 21:02:30',NULL),(1077,'2026-02-11',113,7,6,'folga',NULL,'2026-02-11 21:02:30','2026-02-11 21:02:30',NULL),(1078,'2026-02-11',107,7,4,'presente',NULL,'2026-02-11 21:02:30','2026-02-11 21:02:30',NULL),(1079,'2026-02-11',108,7,6,'presente',NULL,'2026-02-11 21:02:30','2026-02-11 21:02:30',NULL),(1080,'2026-02-11',25,26,8,'folga',NULL,'2026-02-11 21:03:01','2026-02-11 21:03:01',NULL),(1081,'2026-02-11',100,26,4,'folga',NULL,'2026-02-11 21:03:01','2026-02-11 21:03:01',NULL),(1082,'2026-02-11',20,26,4,'folga',NULL,'2026-02-11 21:03:01','2026-02-11 21:03:01',NULL),(1083,'2026-02-11',24,26,4,'folga',NULL,'2026-02-11 21:03:01','2026-02-11 21:03:01',NULL),(1084,'2026-02-11',21,26,8,'presente',NULL,'2026-02-11 21:03:01','2026-02-11 21:03:01',NULL),(1085,'2026-02-11',74,10,4,'folga',NULL,'2026-02-11 21:03:57','2026-02-11 21:03:57',NULL),(1086,'2026-02-11',72,10,4,'presente',NULL,'2026-02-11 21:03:57','2026-02-11 21:03:57',NULL),(1087,'2026-02-11',104,10,4,'folga',NULL,'2026-02-11 21:03:57','2026-02-11 21:03:57',NULL),(1088,'2026-02-11',73,10,4,'presente',NULL,'2026-02-11 21:03:57','2026-02-11 21:03:57',NULL),(1089,'2026-02-11',97,10,4,'folga',NULL,'2026-02-11 21:03:57','2026-02-11 21:03:57',NULL),(1090,'2026-02-11',98,10,4,'folga',NULL,'2026-02-11 21:03:57','2026-02-11 21:03:57',NULL),(1091,'2026-02-11',96,10,4,'folga',NULL,'2026-02-11 21:03:57','2026-02-11 21:03:57',NULL),(1092,'2026-02-11',121,14,4,'folga',NULL,'2026-02-11 21:09:40','2026-02-11 21:09:40',NULL),(1093,'2026-02-11',75,14,4,'folga',NULL,'2026-02-11 21:09:40','2026-02-11 21:09:40',NULL),(1094,'2026-02-11',76,14,4,'folga',NULL,'2026-02-11 21:09:40','2026-02-11 21:09:40',NULL),(1095,'2026-02-11',119,14,1,'folga',NULL,'2026-02-11 21:09:40','2026-02-11 21:09:40',NULL),(1096,'2026-02-11',105,14,4,'folga',NULL,'2026-02-11 21:09:40','2026-02-11 21:09:40',NULL),(1097,'2026-02-11',77,14,4,'folga',NULL,'2026-02-11 21:09:40','2026-02-11 21:09:40',NULL),(1098,'2026-02-11',78,14,4,'ferias',NULL,'2026-02-11 21:09:40','2026-02-11 21:09:40',122),(1099,'2026-02-11',122,14,4,'presente',NULL,'2026-02-11 21:09:40','2026-02-11 21:09:40',NULL),(1100,'2026-02-11',62,28,4,'folga',NULL,'2026-02-12 11:44:45','2026-02-12 11:44:45',NULL),(1101,'2026-02-11',66,28,4,'presente',NULL,'2026-02-12 11:44:45','2026-02-12 11:44:45',NULL),(1102,'2026-02-11',65,28,6,'presente',NULL,'2026-02-12 11:44:45','2026-02-12 11:44:45',NULL),(1103,'2026-02-11',61,28,6,'folga',NULL,'2026-02-12 11:44:45','2026-02-12 11:44:45',NULL),(1104,'2026-02-11',63,28,6,'folga',NULL,'2026-02-12 11:44:45','2026-02-12 11:44:45',NULL),(1105,'2026-02-11',64,28,4,'folga',NULL,'2026-02-12 11:44:45','2026-02-12 11:44:45',NULL),(1106,'2026-02-11',68,28,1,'folga',NULL,'2026-02-12 11:44:45','2026-02-12 11:44:45',NULL),(1107,'2026-02-12',62,28,4,'presente',NULL,'2026-02-12 11:47:31','2026-02-12 11:47:31',NULL),(1108,'2026-02-12',61,28,6,'presente',NULL,'2026-02-12 11:47:31','2026-02-12 11:47:31',NULL),(1109,'2026-02-12',67,28,1,'presente',NULL,'2026-02-12 11:47:31','2026-02-12 11:47:31',NULL),(1110,'2026-02-11',49,11,6,'presente',NULL,'2026-02-12 12:24:56','2026-02-12 12:24:56',NULL),(1111,'2026-02-11',53,11,6,'folga',NULL,'2026-02-12 12:24:56','2026-02-12 12:24:56',NULL),(1112,'2026-02-11',48,11,4,'folga',NULL,'2026-02-12 12:24:56','2026-02-12 12:24:56',NULL),(1113,'2026-02-11',50,11,6,'presente',NULL,'2026-02-12 12:24:56','2026-02-12 12:24:56',NULL),(1114,'2026-02-11',28,23,4,'folga',NULL,'2026-02-12 14:43:16','2026-02-12 14:43:16',NULL),(1115,'2026-02-11',30,23,4,'presente',NULL,'2026-02-12 14:43:16','2026-02-12 14:43:16',NULL),(1116,'2026-02-11',33,23,6,'folga',NULL,'2026-02-12 14:43:16','2026-02-12 14:43:16',NULL),(1117,'2026-02-11',32,23,6,'ferias',NULL,'2026-02-12 14:43:16','2026-02-12 14:43:16',55),(1118,'2026-02-11',55,23,6,'presente',NULL,'2026-02-12 14:43:16','2026-02-12 14:43:16',NULL),(1119,'2026-02-11',56,23,6,'folga',NULL,'2026-02-12 14:43:16','2026-02-12 14:43:16',NULL),(1120,'2026-02-12',28,23,4,'presente',NULL,'2026-02-12 14:43:36','2026-02-12 14:43:36',NULL),(1121,'2026-02-12',57,23,1,'presente',NULL,'2026-02-12 14:43:36','2026-02-12 14:43:36',NULL),(1122,'2026-02-12',34,23,1,'presente',NULL,'2026-02-12 14:43:36','2026-02-12 14:43:36',NULL),(1123,'2026-02-12',56,23,6,'presente',NULL,'2026-02-12 14:43:36','2026-02-19 17:33:07',NULL),(1124,'2026-02-12',99,10,4,'presente',NULL,'2026-02-12 14:45:16','2026-02-12 14:45:16',NULL),(1125,'2026-02-12',70,10,2,'presente',NULL,'2026-02-12 14:45:16','2026-02-12 14:45:16',NULL),(1126,'2026-02-12',71,10,3,'presente',NULL,'2026-02-12 14:45:16','2026-02-12 14:45:16',NULL),(1127,'2026-02-12',96,10,4,'presente',NULL,'2026-02-12 14:45:16','2026-02-12 14:45:16',NULL),(1128,'2026-02-12',69,10,1,'presente',NULL,'2026-02-12 14:45:16','2026-02-12 14:45:16',NULL),(1129,'2026-02-12',92,25,1,'presente',NULL,'2026-02-12 14:47:54','2026-02-12 14:47:54',NULL),(1130,'2026-02-12',93,25,2,'presente',NULL,'2026-02-12 14:47:54','2026-02-12 14:47:54',NULL),(1131,'2026-02-12',83,25,4,'presente',NULL,'2026-02-12 14:47:54','2026-02-12 14:47:54',NULL),(1132,'2026-02-12',87,25,6,'presente',NULL,'2026-02-12 14:47:54','2026-02-12 14:47:54',NULL),(1133,'2026-02-12',43,18,4,'presente',NULL,'2026-02-12 21:06:01','2026-02-12 21:06:01',NULL),(1134,'2026-02-12',36,18,6,'folga',NULL,'2026-02-12 21:06:01','2026-02-12 21:06:01',NULL),(1135,'2026-02-12',40,18,6,'folga',NULL,'2026-02-12 21:06:01','2026-02-12 21:06:01',NULL),(1136,'2026-02-12',38,18,6,'presente',NULL,'2026-02-12 21:06:01','2026-02-12 21:06:01',NULL),(1137,'2026-02-12',42,18,4,'folga',NULL,'2026-02-12 21:06:01','2026-02-12 21:06:01',NULL),(1138,'2026-02-12',95,18,6,'folga',NULL,'2026-02-12 21:06:01','2026-02-12 21:06:01',NULL),(1139,'2026-02-12',46,18,1,'presente',NULL,'2026-02-12 21:06:01','2026-02-12 21:06:01',NULL),(1140,'2026-02-12',114,18,6,'presente',NULL,'2026-02-12 21:06:01','2026-02-12 21:06:01',NULL),(1141,'2026-02-12',102,18,6,'folga',NULL,'2026-02-12 21:06:01','2026-02-12 21:06:01',NULL),(1142,'2026-02-12',44,18,4,'presente',NULL,'2026-02-12 21:06:01','2026-02-12 21:06:01',NULL),(1143,'2026-02-12',41,18,4,'folga',NULL,'2026-02-12 21:06:01','2026-02-12 21:06:01',NULL),(1144,'2026-02-12',39,18,6,'folga',NULL,'2026-02-12 21:06:01','2026-02-12 21:06:01',NULL),(1145,'2026-02-12',45,18,4,'folga',NULL,'2026-02-12 21:06:01','2026-02-12 21:06:01',NULL),(1146,'2026-02-12',115,7,3,'presente',NULL,'2026-02-12 21:10:27','2026-02-12 21:10:27',NULL),(1147,'2026-02-12',116,7,1,'folga',NULL,'2026-02-12 21:10:27','2026-02-12 21:10:27',NULL),(1148,'2026-02-12',109,7,4,'presente',NULL,'2026-02-12 21:10:27','2026-02-12 21:10:27',NULL),(1149,'2026-02-12',112,7,4,'presente',NULL,'2026-02-12 21:10:27','2026-02-12 21:10:27',NULL),(1150,'2026-02-12',110,7,6,'presente',NULL,'2026-02-12 21:10:27','2026-02-12 21:10:27',NULL),(1151,'2026-02-12',113,7,6,'presente',NULL,'2026-02-12 21:10:27','2026-02-12 21:10:27',NULL),(1152,'2026-02-12',111,7,6,'folga',NULL,'2026-02-12 21:10:27','2026-02-12 21:10:27',NULL),(1153,'2026-02-12',107,7,4,'folga',NULL,'2026-02-12 21:10:27','2026-02-12 21:10:27',NULL),(1154,'2026-02-12',118,7,1,'presente',NULL,'2026-02-12 21:10:27','2026-02-12 21:10:27',NULL),(1155,'2026-02-12',108,7,6,'folga',NULL,'2026-02-12 21:10:27','2026-02-12 21:10:27',NULL),(1156,'2026-02-12',120,7,4,'folga',NULL,'2026-02-12 21:10:27','2026-02-12 21:10:27',NULL),(1157,'2026-02-12',117,7,4,'folga',NULL,'2026-02-12 21:10:27','2026-02-12 21:10:27',NULL),(1158,'2026-02-12',49,11,6,'presente',NULL,'2026-02-13 11:20:55','2026-02-13 11:20:55',NULL),(1159,'2026-02-12',47,11,4,'presente',NULL,'2026-02-13 11:20:55','2026-02-13 11:20:55',NULL),(1160,'2026-02-12',51,11,1,'presente',NULL,'2026-02-13 11:20:55','2026-02-13 11:20:55',NULL),(1161,'2026-02-12',54,11,6,'folga',NULL,'2026-02-13 11:20:55','2026-02-13 11:20:55',NULL),(1162,'2026-02-12',53,11,6,'presente',NULL,'2026-02-13 11:20:55','2026-02-13 11:20:55',NULL),(1163,'2026-02-12',48,11,4,'presente',NULL,'2026-02-13 11:20:55','2026-02-13 11:20:55',NULL),(1164,'2026-02-12',52,11,3,'presente',NULL,'2026-02-13 11:20:55','2026-02-13 11:20:55',NULL),(1165,'2026-02-12',50,11,6,'folga',NULL,'2026-02-13 11:20:55','2026-02-13 11:20:55',NULL),(1166,'2026-02-12',27,23,4,'folga',NULL,'2026-02-13 11:21:50','2026-02-13 11:21:50',NULL),(1167,'2026-02-12',29,23,4,'presente',NULL,'2026-02-13 11:21:50','2026-02-13 11:21:50',NULL),(1168,'2026-02-12',31,23,6,'folga',NULL,'2026-02-13 11:21:50','2026-02-13 11:21:50',NULL),(1169,'2026-02-12',30,23,4,'folga',NULL,'2026-02-13 11:21:50','2026-02-13 11:21:50',NULL),(1170,'2026-02-12',33,23,6,'presente',NULL,'2026-02-13 11:21:50','2026-02-13 11:21:50',NULL),(1171,'2026-02-12',32,23,6,'folga',NULL,'2026-02-13 11:21:50','2026-02-13 11:21:50',NULL),(1172,'2026-02-13',27,23,4,'presente',NULL,'2026-02-13 11:23:19','2026-02-13 11:23:19',NULL),(1173,'2026-02-13',31,23,6,'presente',NULL,'2026-02-13 11:23:19','2026-02-13 11:23:19',NULL),(1174,'2026-02-13',34,23,1,'presente',NULL,'2026-02-13 11:23:19','2026-02-13 11:23:19',NULL),(1175,'2026-02-12',74,10,4,'folga',NULL,'2026-02-13 11:26:55','2026-02-13 11:26:55',NULL),(1176,'2026-02-12',72,10,4,'folga',NULL,'2026-02-13 11:26:55','2026-02-13 11:26:55',NULL),(1177,'2026-02-12',104,10,4,'folga',NULL,'2026-02-13 11:26:55','2026-02-13 11:26:55',NULL),(1178,'2026-02-12',73,10,4,'presente',NULL,'2026-02-13 11:26:55','2026-02-13 11:26:55',NULL),(1179,'2026-02-12',103,10,4,'folga',NULL,'2026-02-13 11:26:55','2026-02-13 11:26:55',NULL),(1180,'2026-02-12',97,10,4,'folga',NULL,'2026-02-13 11:26:55','2026-02-13 11:26:55',NULL),(1181,'2026-02-12',98,10,4,'presente',NULL,'2026-02-13 11:26:55','2026-02-13 11:26:55',NULL),(1182,'2026-02-13',103,10,4,'presente',NULL,'2026-02-13 11:27:39','2026-02-13 11:27:39',NULL),(1183,'2026-02-13',99,10,4,'presente',NULL,'2026-02-13 11:27:39','2026-02-13 11:27:39',NULL),(1184,'2026-02-13',70,10,2,'presente',NULL,'2026-02-13 11:27:39','2026-02-13 11:27:39',NULL),(1185,'2026-02-13',71,10,3,'presente',NULL,'2026-02-13 11:27:39','2026-02-13 11:27:39',NULL),(1186,'2026-02-13',69,10,1,'presente',NULL,'2026-02-13 11:27:39','2026-02-13 11:27:39',NULL),(1187,'2026-02-12',91,25,6,'folga',NULL,'2026-02-13 11:29:42','2026-02-13 11:29:42',NULL),(1188,'2026-02-12',89,25,6,'presente',NULL,'2026-02-13 11:29:42','2026-02-13 11:29:42',NULL),(1189,'2026-02-12',90,25,6,'folga',NULL,'2026-02-13 11:29:42','2026-02-13 11:29:42',NULL),(1190,'2026-02-12',84,25,4,'folga',NULL,'2026-02-13 11:29:42','2026-02-13 11:29:42',NULL),(1191,'2026-02-12',88,25,6,'folga',NULL,'2026-02-13 11:29:42','2026-02-13 11:29:42',NULL),(1192,'2026-02-12',85,25,4,'presente',NULL,'2026-02-13 11:29:42','2026-02-13 11:29:42',NULL),(1193,'2026-02-12',86,25,4,'folga',NULL,'2026-02-13 11:29:42','2026-02-13 11:29:42',NULL),(1194,'2026-02-13',92,25,1,'presente',NULL,'2026-02-13 11:32:45','2026-02-13 11:32:45',NULL),(1195,'2026-02-13',93,25,2,'presente',NULL,'2026-02-13 11:32:45','2026-02-13 11:32:45',NULL),(1196,'2026-02-13',84,25,4,'presente',NULL,'2026-02-13 11:32:45','2026-02-13 11:32:45',NULL),(1197,'2026-02-13',88,25,6,'presente',NULL,'2026-02-13 11:32:45','2026-02-13 11:32:45',NULL),(1198,'2026-02-12',25,26,8,'folga',NULL,'2026-02-13 11:34:51','2026-02-13 11:34:51',NULL),(1199,'2026-02-12',94,26,8,'folga',NULL,'2026-02-13 11:34:51','2026-02-13 11:34:51',NULL),(1200,'2026-02-12',100,26,4,'folga',NULL,'2026-02-13 11:34:51','2026-02-13 11:34:51',NULL),(1201,'2026-02-12',26,26,2,'presente',NULL,'2026-02-13 11:34:51','2026-02-13 11:34:51',NULL),(1202,'2026-02-12',20,26,4,'presente',NULL,'2026-02-13 11:34:51','2026-02-13 11:34:51',NULL),(1203,'2026-02-12',22,26,1,'presente',NULL,'2026-02-13 11:34:51','2026-02-13 11:34:51',NULL),(1204,'2026-02-12',24,26,4,'presente',NULL,'2026-02-13 11:34:51','2026-02-13 11:34:51',NULL),(1205,'2026-02-12',101,26,8,'presente',NULL,'2026-02-13 11:34:51','2026-02-13 11:34:51',NULL),(1206,'2026-02-12',21,26,8,'folga',NULL,'2026-02-13 11:34:51','2026-02-13 11:34:51',NULL),(1207,'2026-02-13',26,26,2,'presente',NULL,'2026-02-13 11:35:29','2026-02-13 11:35:29',NULL),(1208,'2026-02-13',20,26,4,'presente',NULL,'2026-02-13 11:35:29','2026-02-13 11:35:29',NULL),(1209,'2026-02-13',22,26,1,'presente',NULL,'2026-02-13 11:35:29','2026-02-13 11:35:29',NULL),(1210,'2026-02-13',101,26,8,'presente',NULL,'2026-02-13 11:35:29','2026-02-13 11:35:29',NULL),(1211,'2026-02-12',121,14,4,'folga',NULL,'2026-02-13 12:58:36','2026-02-13 12:58:36',NULL),(1212,'2026-02-12',75,14,4,'presente',NULL,'2026-02-13 12:58:36','2026-02-13 12:58:36',NULL),(1213,'2026-02-12',123,14,4,'presente',NULL,'2026-02-13 12:58:36','2026-02-13 12:58:36',NULL),(1214,'2026-02-12',79,14,8,'presente',NULL,'2026-02-13 12:58:36','2026-02-13 12:58:36',NULL),(1215,'2026-02-12',76,14,4,'folga',NULL,'2026-02-13 12:58:36','2026-02-13 12:58:36',NULL),(1216,'2026-02-12',119,14,1,'presente',NULL,'2026-02-13 12:58:36','2026-02-13 12:58:36',NULL),(1217,'2026-02-12',105,14,4,'folga',NULL,'2026-02-13 12:58:36','2026-02-13 12:58:36',NULL),(1218,'2026-02-12',106,14,4,'folga',NULL,'2026-02-13 12:58:36','2026-02-13 12:58:36',NULL),(1219,'2026-02-12',78,14,4,'folga',NULL,'2026-02-13 12:58:36','2026-02-13 12:58:36',NULL),(1220,'2026-02-13',79,14,8,'presente',NULL,'2026-02-13 13:02:09','2026-02-13 13:02:09',NULL),(1221,'2026-02-13',76,14,4,'presente',NULL,'2026-02-13 13:02:09','2026-02-13 13:02:09',NULL),(1222,'2026-02-13',119,14,1,'presente',NULL,'2026-02-13 13:02:09','2026-02-13 13:02:09',NULL),(1223,'2026-02-13',51,11,1,'presente',NULL,'2026-02-13 18:51:37','2026-02-13 18:51:37',NULL),(1224,'2026-02-13',54,11,6,'presente',NULL,'2026-02-13 18:51:37','2026-02-13 18:51:37',NULL),(1225,'2026-02-13',53,11,6,'presente',NULL,'2026-02-13 18:51:37','2026-02-13 18:51:37',NULL),(1226,'2026-02-13',52,11,3,'presente',NULL,'2026-02-13 18:51:37','2026-02-13 18:51:37',NULL),(1227,'2026-02-13',115,7,3,'presente',NULL,'2026-02-13 18:52:31','2026-02-13 18:52:31',NULL),(1228,'2026-02-13',111,7,6,'presente',NULL,'2026-02-13 18:52:31','2026-02-13 18:52:31',NULL),(1229,'2026-02-13',118,7,1,'presente',NULL,'2026-02-13 18:52:31','2026-02-13 18:52:31',NULL),(1230,'2026-02-13',120,7,4,'presente',NULL,'2026-02-13 18:52:31','2026-02-13 18:52:31',NULL),(1231,'2026-02-13',117,7,4,'presente',NULL,'2026-02-13 18:52:31','2026-02-13 18:52:31',NULL),(1232,'2026-02-12',66,28,4,'folga',NULL,'2026-02-13 18:55:47','2026-02-13 18:55:47',NULL),(1233,'2026-02-12',65,28,6,'folga',NULL,'2026-02-13 18:55:47','2026-02-13 18:55:47',NULL),(1234,'2026-02-12',60,28,6,'folga',NULL,'2026-02-13 18:55:47','2026-02-13 18:55:47',NULL),(1235,'2026-02-12',63,28,6,'folga',NULL,'2026-02-13 18:55:47','2026-02-13 18:55:47',NULL),(1236,'2026-02-12',59,28,4,'folga',NULL,'2026-02-13 18:55:47','2026-02-13 18:55:47',NULL),(1237,'2026-02-12',64,28,4,'folga',NULL,'2026-02-13 18:55:47','2026-02-13 18:55:47',NULL),(1238,'2026-02-12',68,28,1,'folga',NULL,'2026-02-13 18:55:47','2026-02-13 18:55:47',NULL),(1239,'2026-02-12',125,28,4,'presente',NULL,'2026-02-13 18:55:47','2026-02-13 18:55:47',NULL),(1240,'2026-02-13',60,28,6,'presente',NULL,'2026-02-13 18:57:15','2026-02-13 18:57:15',NULL),(1241,'2026-02-13',59,28,4,'presente',NULL,'2026-02-13 18:57:15','2026-02-13 18:57:15',NULL),(1242,'2026-02-13',68,28,1,'falta',NULL,'2026-02-13 18:57:15','2026-02-13 18:57:15',126),(1243,'2026-02-13',126,28,1,'presente',NULL,'2026-02-13 18:57:15','2026-02-13 18:57:15',NULL),(1244,'2026-02-13',67,28,1,'presente',NULL,'2026-02-13 18:57:15','2026-02-13 18:57:15',NULL),(1245,'2026-02-13',36,18,6,'presente',NULL,'2026-02-13 19:06:15','2026-02-13 19:06:15',NULL),(1246,'2026-02-13',42,18,4,'presente',NULL,'2026-02-13 19:06:15','2026-02-13 19:06:15',NULL),(1247,'2026-02-13',46,18,1,'presente',NULL,'2026-02-13 19:06:15','2026-02-13 19:06:15',NULL),(1248,'2026-02-13',45,18,4,'presente',NULL,'2026-02-13 19:06:15','2026-02-13 19:06:15',NULL),(1249,'2026-02-13',89,25,6,'folga',NULL,'2026-02-13 21:26:30','2026-02-13 21:26:30',NULL),(1250,'2026-02-13',90,25,6,'presente',NULL,'2026-02-13 21:26:30','2026-02-13 21:26:30',NULL),(1251,'2026-02-13',83,25,4,'folga',NULL,'2026-02-13 21:26:30','2026-02-13 21:26:30',NULL),(1252,'2026-02-13',87,25,6,'folga',NULL,'2026-02-13 21:26:30','2026-02-13 21:26:30',NULL),(1253,'2026-02-13',85,25,4,'folga',NULL,'2026-02-13 21:26:30','2026-02-13 21:26:30',NULL),(1254,'2026-02-13',86,25,4,'presente',NULL,'2026-02-13 21:26:30','2026-02-13 21:26:30',NULL),(1255,'2026-02-13',74,10,4,'folga',NULL,'2026-02-16 19:53:29','2026-02-16 19:53:29',NULL),(1256,'2026-02-13',72,10,4,'presente',NULL,'2026-02-16 19:53:29','2026-02-16 19:53:29',NULL),(1257,'2026-02-13',104,10,4,'folga',NULL,'2026-02-16 19:53:29','2026-02-16 19:53:29',NULL),(1258,'2026-02-13',73,10,4,'folga',NULL,'2026-02-16 19:53:29','2026-02-16 19:53:29',NULL),(1259,'2026-02-13',97,10,4,'folga',NULL,'2026-02-16 19:53:29','2026-02-16 19:53:29',NULL),(1260,'2026-02-13',98,10,4,'folga',NULL,'2026-02-16 19:53:29','2026-02-16 19:53:29',NULL),(1261,'2026-02-13',96,10,4,'folga',NULL,'2026-02-16 19:53:29','2026-02-16 19:53:29',NULL),(1262,'2026-02-13',127,10,4,'presente',NULL,'2026-02-16 19:53:29','2026-02-16 19:53:29',NULL),(1263,'2026-02-14',73,10,4,'presente',NULL,'2026-02-16 19:55:48','2026-02-16 19:55:48',NULL),(1264,'2026-02-14',98,10,4,'presente',NULL,'2026-02-16 19:55:48','2026-02-16 19:55:48',NULL),(1265,'2026-02-14',70,10,2,'folga',NULL,'2026-02-16 19:55:48','2026-02-16 19:55:48',NULL),(1266,'2026-02-14',71,10,3,'folga',NULL,'2026-02-16 19:55:48','2026-02-16 19:55:48',NULL),(1267,'2026-02-14',69,10,1,'folga',NULL,'2026-02-16 19:55:48','2026-02-16 19:55:48',NULL),(1268,'2026-02-14',74,10,4,'folga',NULL,'2026-02-16 19:58:56','2026-02-16 19:58:56',NULL),(1269,'2026-02-14',72,10,4,'folga',NULL,'2026-02-16 19:58:56','2026-02-16 19:58:56',NULL),(1270,'2026-02-14',104,10,4,'folga',NULL,'2026-02-16 19:58:56','2026-02-16 19:58:56',NULL),(1271,'2026-02-14',103,10,4,'presente',NULL,'2026-02-16 19:58:56','2026-02-16 19:58:56',NULL),(1272,'2026-02-14',97,10,4,'folga',NULL,'2026-02-16 19:58:56','2026-02-16 19:58:56',NULL),(1273,'2026-02-14',99,10,4,'presente',NULL,'2026-02-16 19:58:56','2026-02-16 19:58:56',NULL),(1274,'2026-02-14',96,10,4,'folga',NULL,'2026-02-16 19:58:56','2026-02-16 19:58:56',NULL),(1275,'2026-02-14',127,10,4,'folga',NULL,'2026-02-16 19:58:56','2026-02-16 19:58:56',NULL),(1276,'2026-02-15',74,10,4,'folga',NULL,'2026-02-16 20:14:42','2026-02-16 20:14:42',NULL),(1277,'2026-02-15',72,10,4,'presente',NULL,'2026-02-16 20:14:42','2026-02-16 20:14:42',NULL),(1278,'2026-02-15',73,10,4,'presente',NULL,'2026-02-16 20:14:42','2026-02-16 20:14:42',NULL),(1279,'2026-02-15',103,10,4,'presente',NULL,'2026-02-16 20:14:42','2026-02-16 20:14:42',NULL),(1280,'2026-02-15',97,10,4,'folga',NULL,'2026-02-16 20:14:42','2026-02-16 20:14:42',NULL),(1281,'2026-02-15',98,10,4,'folga',NULL,'2026-02-16 20:14:42','2026-02-16 20:14:42',NULL),(1282,'2026-02-15',99,10,4,'folga',NULL,'2026-02-16 20:14:42','2026-02-16 20:14:42',NULL),(1283,'2026-02-15',70,10,2,'folga',NULL,'2026-02-16 20:14:42','2026-02-16 20:14:42',NULL),(1284,'2026-02-15',71,10,3,'folga',NULL,'2026-02-16 20:14:42','2026-02-16 20:14:42',NULL),(1285,'2026-02-15',96,10,4,'folga',NULL,'2026-02-16 20:14:42','2026-02-16 20:14:42',NULL),(1286,'2026-02-15',127,10,4,'presente',NULL,'2026-02-16 20:14:42','2026-02-16 20:14:42',NULL),(1287,'2026-02-15',69,10,1,'folga',NULL,'2026-02-16 20:14:42','2026-02-16 20:14:42',NULL),(1288,'2026-02-15',104,10,4,'folga',NULL,'2026-02-16 20:15:26','2026-02-16 20:15:26',NULL),(1289,'2026-02-16',99,10,4,'presente',NULL,'2026-02-16 20:16:00','2026-02-16 20:16:00',NULL),(1290,'2026-02-16',70,10,2,'presente',NULL,'2026-02-16 20:16:00','2026-02-16 20:16:00',NULL),(1291,'2026-02-16',71,10,3,'presente',NULL,'2026-02-16 20:16:00','2026-02-16 20:16:00',NULL),(1292,'2026-02-16',96,10,4,'presente',NULL,'2026-02-16 20:16:00','2026-02-16 20:16:00',NULL),(1293,'2026-02-16',69,10,1,'presente',NULL,'2026-02-16 20:16:00','2026-02-16 20:16:00',NULL),(1294,'2026-02-18',133,5,3,'presente',NULL,'2026-02-18 12:38:04','2026-02-18 12:38:04',NULL),(1295,'2026-02-18',128,5,10,'presente',NULL,'2026-02-18 12:38:04','2026-02-18 12:38:04',NULL),(1296,'2026-02-18',140,5,11,'presente',NULL,'2026-02-18 12:38:04','2026-02-18 12:38:04',NULL),(1297,'2026-02-18',138,5,6,'presente',NULL,'2026-02-18 12:38:04','2026-02-18 12:38:04',NULL),(1298,'2026-02-18',132,5,5,'presente',NULL,'2026-02-18 12:38:04','2026-02-18 12:38:04',NULL),(1299,'2026-02-18',129,5,1,'presente',NULL,'2026-02-18 12:38:04','2026-02-18 12:38:04',NULL),(1300,'2026-02-18',139,5,9,'presente',NULL,'2026-02-18 12:38:04','2026-02-18 12:38:04',NULL),(1301,'2026-02-18',135,5,3,'presente',NULL,'2026-02-18 12:38:04','2026-02-18 12:38:04',NULL),(1302,'2026-02-18',142,5,6,'presente',NULL,'2026-02-18 12:38:04','2026-02-18 12:38:04',NULL),(1303,'2026-02-18',141,5,8,'presente',NULL,'2026-02-18 12:38:04','2026-02-18 12:38:04',NULL),(1304,'2026-02-18',134,5,3,'presente',NULL,'2026-02-18 12:38:04','2026-02-18 12:38:04',NULL),(1305,'2026-02-18',137,5,7,'presente',NULL,'2026-02-18 12:38:04','2026-02-18 12:38:04',NULL),(1306,'2026-02-18',130,5,5,'presente',NULL,'2026-02-18 12:38:04','2026-02-18 12:38:04',NULL),(1307,'2026-02-18',136,5,3,'presente',NULL,'2026-02-18 12:38:04','2026-02-18 12:38:04',NULL),(1308,'2026-02-18',131,5,5,'presente',NULL,'2026-02-18 12:38:04','2026-02-18 12:38:04',NULL),(1309,'2026-02-18',143,5,7,'folga',NULL,'2026-02-18 12:39:49','2026-02-18 12:39:49',NULL),(1310,'2026-02-16',150,31,2,'presente',NULL,'2026-02-18 20:51:16','2026-02-18 20:51:16',NULL),(1311,'2026-02-16',151,31,6,'presente',NULL,'2026-02-18 20:51:16','2026-02-18 20:51:16',NULL),(1312,'2026-02-16',152,31,4,'presente',NULL,'2026-02-18 20:51:16','2026-02-18 20:51:16',NULL),(1313,'2026-02-16',149,32,2,'presente',NULL,'2026-02-18 20:51:21','2026-02-18 20:51:21',NULL),(1314,'2026-02-16',148,32,4,'presente',NULL,'2026-02-18 20:51:21','2026-02-18 20:51:21',NULL),(1315,'2026-02-16',147,32,6,'presente',NULL,'2026-02-18 20:51:21','2026-02-18 20:51:21',NULL),(1316,'2026-02-16',145,33,4,'presente',NULL,'2026-02-18 20:51:26','2026-02-18 20:51:26',NULL),(1317,'2026-02-16',146,33,2,'presente',NULL,'2026-02-18 20:51:26','2026-02-18 20:51:26',NULL),(1318,'2026-02-16',144,33,6,'presente',NULL,'2026-02-18 20:51:26','2026-02-18 20:51:26',NULL),(1319,'2026-02-17',145,33,4,'presente',NULL,'2026-02-18 20:53:43','2026-02-18 20:53:43',NULL),(1320,'2026-02-17',146,33,2,'presente',NULL,'2026-02-18 20:53:43','2026-02-18 20:53:43',NULL),(1321,'2026-02-17',144,33,6,'presente',NULL,'2026-02-18 20:53:43','2026-02-18 20:53:43',NULL),(1322,'2026-02-17',149,32,2,'presente',NULL,'2026-02-18 20:53:49','2026-02-18 20:53:49',NULL),(1323,'2026-02-17',148,32,4,'presente',NULL,'2026-02-18 20:53:49','2026-02-18 20:53:49',NULL),(1324,'2026-02-17',147,32,6,'presente',NULL,'2026-02-18 20:53:49','2026-02-18 20:53:49',NULL),(1325,'2026-02-17',150,31,2,'presente',NULL,'2026-02-18 20:53:55','2026-02-18 20:53:55',NULL),(1326,'2026-02-17',151,31,6,'presente',NULL,'2026-02-18 20:53:55','2026-02-18 20:53:55',NULL),(1327,'2026-02-17',152,31,4,'presente',NULL,'2026-02-18 20:53:55','2026-02-18 20:53:55',NULL),(1328,'2026-02-18',149,32,2,'presente',NULL,'2026-02-18 20:58:19','2026-02-18 20:58:19',NULL),(1329,'2026-02-18',148,32,4,'presente',NULL,'2026-02-18 20:58:19','2026-02-18 20:58:19',NULL),(1330,'2026-02-18',147,32,6,'presente',NULL,'2026-02-18 20:58:19','2026-02-18 20:58:19',NULL),(1331,'2026-02-18',145,32,4,'presente','Falta de efetivo','2026-02-18 20:58:19','2026-02-18 20:58:19',NULL),(1334,'2026-02-19',145,33,4,'presente',NULL,'2026-02-19 11:44:57','2026-02-19 11:44:57',NULL),(1335,'2026-02-19',146,33,2,'presente',NULL,'2026-02-19 11:44:57','2026-02-19 11:44:57',NULL),(1336,'2026-02-19',144,33,6,'em_cobertura',NULL,'2026-02-19 11:44:57','2026-02-19 11:44:57',NULL),(1337,'2026-02-19',149,32,2,'presente',NULL,'2026-02-19 11:45:25','2026-02-19 11:45:25',NULL),(1338,'2026-02-19',148,32,4,'presente',NULL,'2026-02-19 11:45:25','2026-02-19 11:45:25',NULL),(1339,'2026-02-19',147,32,6,'presente',NULL,'2026-02-19 11:45:25','2026-02-19 11:45:25',NULL),(1340,'2026-02-19',144,32,2,'presente','Falta de efetivo','2026-02-19 11:45:25','2026-02-19 11:45:25',NULL),(1344,'2026-02-13',49,11,6,'folga',NULL,'2026-02-19 11:56:58','2026-02-19 11:56:58',NULL),(1345,'2026-02-13',47,11,4,'folga',NULL,'2026-02-19 11:56:58','2026-02-19 11:56:58',NULL),(1346,'2026-02-13',48,11,4,'presente',NULL,'2026-02-19 11:56:58','2026-02-19 11:56:58',NULL),(1347,'2026-02-13',50,11,6,'presente',NULL,'2026-02-19 11:56:58','2026-02-19 11:56:58',NULL),(1348,'2026-02-14',49,11,6,'presente',NULL,'2026-02-19 11:57:25','2026-02-19 11:57:25',NULL),(1349,'2026-02-14',47,11,4,'presente',NULL,'2026-02-19 11:57:25','2026-02-19 11:57:25',NULL),(1350,'2026-02-14',51,11,1,'folga',NULL,'2026-02-19 11:57:25','2026-02-19 11:57:25',NULL),(1351,'2026-02-14',54,11,6,'folga',NULL,'2026-02-19 11:57:25','2026-02-19 11:57:25',NULL),(1352,'2026-02-14',53,11,6,'presente',NULL,'2026-02-19 11:57:25','2026-02-19 11:57:25',NULL),(1353,'2026-02-14',48,11,4,'presente',NULL,'2026-02-19 11:57:25','2026-02-19 11:57:25',NULL),(1354,'2026-02-14',52,11,3,'folga',NULL,'2026-02-19 11:57:25','2026-02-19 11:57:25',NULL),(1355,'2026-02-14',50,11,6,'folga',NULL,'2026-02-19 11:57:25','2026-02-19 11:57:25',NULL),(1356,'2026-02-15',49,11,6,'presente',NULL,'2026-02-19 11:57:50','2026-02-19 11:57:50',NULL),(1357,'2026-02-15',47,11,4,'folga',NULL,'2026-02-19 11:57:50','2026-02-19 11:57:50',NULL),(1358,'2026-02-15',51,11,1,'folga',NULL,'2026-02-19 11:57:50','2026-02-19 11:57:50',NULL),(1359,'2026-02-15',54,11,6,'presente',NULL,'2026-02-19 11:57:50','2026-02-19 11:57:50',NULL),(1360,'2026-02-15',53,11,6,'presente',NULL,'2026-02-19 11:57:50','2026-02-19 11:57:50',NULL),(1361,'2026-02-15',48,11,4,'folga',NULL,'2026-02-19 11:57:50','2026-02-19 11:57:50',NULL),(1362,'2026-02-15',52,11,3,'folga',NULL,'2026-02-19 11:57:50','2026-02-19 11:57:50',NULL),(1363,'2026-02-15',50,11,6,'presente',NULL,'2026-02-19 11:57:50','2026-02-19 11:57:50',NULL),(1364,'2026-02-16',49,11,6,'folga',NULL,'2026-02-19 11:58:33','2026-02-19 11:58:33',NULL),(1365,'2026-02-16',47,11,4,'presente',NULL,'2026-02-19 11:58:33','2026-02-19 11:58:33',NULL),(1366,'2026-02-16',51,11,1,'presente',NULL,'2026-02-19 11:58:33','2026-02-19 11:58:33',NULL),(1367,'2026-02-16',54,11,6,'folga',NULL,'2026-02-19 11:58:33','2026-02-19 11:58:33',NULL),(1368,'2026-02-16',53,11,6,'presente',NULL,'2026-02-19 11:58:33','2026-02-19 11:58:33',NULL),(1369,'2026-02-16',48,11,4,'presente',NULL,'2026-02-19 11:58:33','2026-02-19 11:58:33',NULL),(1370,'2026-02-16',52,11,3,'folga',NULL,'2026-02-19 11:58:33','2026-02-19 11:58:33',NULL),(1371,'2026-02-16',50,11,6,'presente',NULL,'2026-02-19 11:58:33','2026-02-19 11:58:33',NULL),(1372,'2026-02-17',49,11,6,'folga',NULL,'2026-02-19 11:59:13','2026-02-19 11:59:13',NULL),(1373,'2026-02-17',47,11,4,'presente',NULL,'2026-02-19 11:59:13','2026-02-19 11:59:13',NULL),(1374,'2026-02-17',51,11,1,'folga',NULL,'2026-02-19 11:59:13','2026-02-19 11:59:13',NULL),(1375,'2026-02-17',54,11,6,'presente',NULL,'2026-02-19 11:59:13','2026-02-19 11:59:13',NULL),(1376,'2026-02-17',53,11,6,'folga',NULL,'2026-02-19 11:59:13','2026-02-19 11:59:13',NULL),(1377,'2026-02-17',48,11,4,'presente',NULL,'2026-02-19 11:59:13','2026-02-19 11:59:13',NULL),(1378,'2026-02-17',52,11,3,'folga',NULL,'2026-02-19 11:59:13','2026-02-19 11:59:13',NULL),(1379,'2026-02-17',50,11,6,'presente',NULL,'2026-02-19 11:59:13','2026-02-19 11:59:13',NULL),(1380,'2026-02-18',49,11,6,'presente',NULL,'2026-02-19 12:00:26','2026-02-19 12:00:26',NULL),(1381,'2026-02-18',47,11,4,'presente',NULL,'2026-02-19 12:00:26','2026-02-19 12:00:26',NULL),(1382,'2026-02-18',51,11,1,'presente',NULL,'2026-02-19 12:00:26','2026-02-19 12:00:26',NULL),(1383,'2026-02-18',54,11,6,'folga',NULL,'2026-02-19 12:00:26','2026-02-19 12:00:26',NULL),(1384,'2026-02-18',53,11,6,'presente',NULL,'2026-02-19 12:00:26','2026-02-19 12:00:26',NULL),(1385,'2026-02-18',48,11,4,'presente',NULL,'2026-02-19 12:00:26','2026-02-19 12:00:26',NULL),(1386,'2026-02-18',52,11,3,'folga',NULL,'2026-02-19 12:00:26','2026-02-19 12:00:26',NULL),(1387,'2026-02-18',50,11,6,'folga',NULL,'2026-02-19 12:00:26','2026-02-19 12:00:26',NULL),(1388,'2026-02-19',47,11,4,'presente',NULL,'2026-02-19 12:01:09','2026-02-19 12:01:09',NULL),(1389,'2026-02-19',51,11,1,'presente',NULL,'2026-02-19 12:01:09','2026-02-19 12:01:09',NULL),(1390,'2026-02-19',54,11,6,'presente',NULL,'2026-02-19 12:01:09','2026-02-19 12:01:09',NULL),(1391,'2026-02-19',52,11,3,'presente',NULL,'2026-02-19 12:01:09','2026-02-19 12:01:09',NULL),(1392,'2026-02-19',167,11,3,'presente',NULL,'2026-02-19 12:02:01','2026-02-19 12:02:01',NULL),(1393,'2026-02-13',25,26,8,'folga',NULL,'2026-02-19 12:03:58','2026-02-19 12:03:58',NULL),(1394,'2026-02-13',94,26,8,'folga',NULL,'2026-02-19 12:03:58','2026-02-19 12:03:58',NULL),(1395,'2026-02-13',100,26,4,'folga',NULL,'2026-02-19 12:03:58','2026-02-19 12:03:58',NULL),(1396,'2026-02-13',24,26,4,'folga',NULL,'2026-02-19 12:03:58','2026-02-19 12:03:58',NULL),(1397,'2026-02-13',21,26,8,'presente',NULL,'2026-02-19 12:03:58','2026-02-19 12:03:58',NULL),(1398,'2026-02-14',25,26,8,'folga',NULL,'2026-02-19 12:04:38','2026-02-19 12:04:38',NULL),(1399,'2026-02-14',94,26,8,'folga',NULL,'2026-02-19 12:04:38','2026-02-19 12:04:38',NULL),(1400,'2026-02-14',100,26,4,'folga',NULL,'2026-02-19 12:04:38','2026-02-19 12:04:38',NULL),(1401,'2026-02-14',26,26,2,'folga',NULL,'2026-02-19 12:04:38','2026-02-19 12:04:38',NULL),(1402,'2026-02-14',20,26,4,'presente',NULL,'2026-02-19 12:04:38','2026-02-19 12:04:38',NULL),(1403,'2026-02-14',22,26,1,'folga',NULL,'2026-02-19 12:04:38','2026-02-19 12:04:38',NULL),(1404,'2026-02-14',24,26,4,'presente',NULL,'2026-02-19 12:04:38','2026-02-19 12:04:38',NULL),(1405,'2026-02-14',101,26,8,'folga',NULL,'2026-02-19 12:04:38','2026-02-19 12:04:38',NULL),(1406,'2026-02-14',21,26,8,'folga',NULL,'2026-02-19 12:04:38','2026-02-19 12:04:38',NULL),(1407,'2026-02-15',25,26,8,'folga',NULL,'2026-02-19 12:11:43','2026-02-19 12:11:43',NULL),(1408,'2026-02-15',94,26,8,'presente',NULL,'2026-02-19 12:11:43','2026-02-19 12:11:43',NULL),(1409,'2026-02-15',100,26,4,'folga',NULL,'2026-02-19 12:11:43','2026-02-19 12:11:43',NULL),(1410,'2026-02-15',26,26,2,'folga',NULL,'2026-02-19 12:11:43','2026-02-19 12:11:43',NULL),(1411,'2026-02-15',20,26,4,'folga',NULL,'2026-02-19 12:11:43','2026-02-19 12:11:43',NULL),(1412,'2026-02-15',22,26,1,'folga',NULL,'2026-02-19 12:11:43','2026-02-19 12:11:43',NULL),(1413,'2026-02-15',24,26,4,'folga',NULL,'2026-02-19 12:11:43','2026-02-19 12:11:43',NULL),(1414,'2026-02-15',101,26,8,'folga',NULL,'2026-02-19 12:11:43','2026-02-19 12:11:43',NULL),(1415,'2026-02-15',21,26,8,'presente',NULL,'2026-02-19 12:11:43','2026-02-19 12:11:43',NULL),(1416,'2026-02-16',25,26,8,'folga',NULL,'2026-02-19 12:12:26','2026-02-19 12:12:26',NULL),(1417,'2026-02-16',94,26,8,'folga',NULL,'2026-02-19 12:12:26','2026-02-19 12:12:26',NULL),(1418,'2026-02-16',100,26,4,'folga',NULL,'2026-02-19 12:12:26','2026-02-19 12:12:26',NULL),(1419,'2026-02-16',26,26,2,'presente',NULL,'2026-02-19 12:12:26','2026-02-19 12:12:26',NULL),(1420,'2026-02-16',20,26,4,'presente',NULL,'2026-02-19 12:12:26','2026-02-19 12:12:26',NULL),(1421,'2026-02-16',22,26,1,'presente',NULL,'2026-02-19 12:12:26','2026-02-19 12:12:26',NULL),(1422,'2026-02-16',24,26,4,'presente',NULL,'2026-02-19 12:12:26','2026-02-19 12:12:26',NULL),(1423,'2026-02-16',101,26,8,'presente',NULL,'2026-02-19 12:12:26','2026-02-19 12:12:26',NULL),(1424,'2026-02-16',21,26,8,'folga',NULL,'2026-02-19 12:12:26','2026-02-19 12:12:26',NULL),(1425,'2026-02-17',25,26,8,'folga',NULL,'2026-02-19 12:14:26','2026-02-19 12:14:26',NULL),(1426,'2026-02-17',94,26,8,'folga',NULL,'2026-02-19 12:14:26','2026-02-19 12:14:26',NULL),(1427,'2026-02-17',100,26,4,'folga',NULL,'2026-02-19 12:14:26','2026-02-19 12:14:26',NULL),(1428,'2026-02-17',26,26,2,'folga',NULL,'2026-02-19 12:14:26','2026-02-19 12:14:26',NULL),(1429,'2026-02-17',20,26,4,'presente',NULL,'2026-02-19 12:14:26','2026-02-19 12:14:26',NULL),(1430,'2026-02-17',22,26,1,'folga',NULL,'2026-02-19 12:14:26','2026-02-19 12:14:26',NULL),(1431,'2026-02-17',24,26,4,'folga',NULL,'2026-02-19 12:14:26','2026-02-19 12:14:26',NULL),(1432,'2026-02-17',101,26,8,'folga',NULL,'2026-02-19 12:14:26','2026-02-19 12:14:26',NULL),(1433,'2026-02-17',21,26,8,'presente',NULL,'2026-02-19 12:14:26','2026-02-19 12:14:26',NULL),(1434,'2026-02-18',25,26,8,'folga',NULL,'2026-02-19 12:15:24','2026-02-19 12:15:24',NULL),(1435,'2026-02-18',94,26,8,'folga',NULL,'2026-02-19 12:15:24','2026-02-19 12:15:24',NULL),(1436,'2026-02-18',100,26,4,'folga',NULL,'2026-02-19 12:15:24','2026-02-19 12:15:24',NULL),(1437,'2026-02-18',26,26,2,'presente',NULL,'2026-02-19 12:15:24','2026-02-19 12:15:24',NULL),(1438,'2026-02-18',20,26,4,'presente',NULL,'2026-02-19 12:15:24','2026-02-19 12:15:24',NULL),(1439,'2026-02-18',22,26,1,'presente',NULL,'2026-02-19 12:15:24','2026-02-19 12:15:24',NULL),(1440,'2026-02-18',24,26,4,'folga',NULL,'2026-02-19 12:15:24','2026-02-19 12:15:24',NULL),(1441,'2026-02-18',101,26,8,'presente',NULL,'2026-02-19 12:15:24','2026-02-19 12:15:24',NULL),(1442,'2026-02-18',21,26,8,'presente',NULL,'2026-02-19 12:15:24','2026-02-19 12:15:24',NULL),(1443,'2026-02-19',26,26,2,'presente',NULL,'2026-02-19 12:15:43','2026-02-19 12:15:43',NULL),(1444,'2026-02-19',20,26,4,'presente',NULL,'2026-02-19 12:15:43','2026-02-19 12:15:43',NULL),(1445,'2026-02-19',22,26,1,'presente',NULL,'2026-02-19 12:15:43','2026-02-19 12:15:43',NULL),(1446,'2026-02-19',101,26,8,'presente',NULL,'2026-02-19 12:15:43','2026-02-19 12:15:43',NULL),(1447,'2026-02-19',150,31,2,'presente',NULL,'2026-02-19 12:55:47','2026-02-19 12:55:47',NULL),(1448,'2026-02-19',151,31,6,'presente',NULL,'2026-02-19 12:55:47','2026-02-19 12:55:47',NULL),(1449,'2026-02-19',152,31,4,'presente',NULL,'2026-02-19 12:55:47','2026-02-19 12:55:47',NULL),(1450,'2026-02-19',168,3,5,'presente',NULL,'2026-02-19 13:26:43','2026-02-19 13:26:43',NULL),(1451,'2026-02-19',169,3,11,'presente',NULL,'2026-02-19 13:26:43','2026-02-19 13:26:43',NULL),(1452,'2026-02-19',170,3,11,'folga',NULL,'2026-02-19 13:26:43','2026-02-19 13:26:43',NULL),(1453,'2026-02-16',74,10,4,'folga',NULL,'2026-02-19 15:00:55','2026-02-19 15:00:55',NULL),(1454,'2026-02-16',72,10,4,'folga',NULL,'2026-02-19 15:00:55','2026-02-19 15:00:55',NULL),(1455,'2026-02-16',104,10,4,'folga',NULL,'2026-02-19 15:00:55','2026-02-19 15:00:55',NULL),(1456,'2026-02-16',73,10,4,'presente',NULL,'2026-02-19 15:00:55','2026-02-19 15:00:55',NULL),(1457,'2026-02-16',103,10,4,'folga',NULL,'2026-02-19 15:00:55','2026-02-19 15:00:55',NULL),(1458,'2026-02-16',97,10,4,'folga',NULL,'2026-02-19 15:00:55','2026-02-19 15:00:55',NULL),(1459,'2026-02-16',98,10,4,'presente',NULL,'2026-02-19 15:00:55','2026-02-19 15:00:55',NULL),(1460,'2026-02-16',127,10,4,'folga',NULL,'2026-02-19 15:00:55','2026-02-19 15:00:55',NULL),(1461,'2026-02-17',74,10,4,'folga',NULL,'2026-02-19 16:35:57','2026-02-19 16:35:57',NULL),(1462,'2026-02-17',72,10,4,'presente',NULL,'2026-02-19 16:35:57','2026-02-19 16:35:57',NULL),(1463,'2026-02-17',104,10,4,'folga',NULL,'2026-02-19 16:35:57','2026-02-19 16:35:57',NULL),(1464,'2026-02-17',73,10,4,'folga',NULL,'2026-02-19 16:35:57','2026-02-19 16:35:57',NULL),(1465,'2026-02-17',103,10,4,'presente',NULL,'2026-02-19 16:35:57','2026-02-19 16:35:57',NULL),(1466,'2026-02-17',97,10,4,'presente',NULL,'2026-02-19 16:35:57','2026-02-19 16:35:57',NULL),(1467,'2026-02-17',98,10,4,'folga',NULL,'2026-02-19 16:35:57','2026-02-19 16:35:57',NULL),(1468,'2026-02-17',99,10,4,'folga',NULL,'2026-02-19 16:35:57','2026-02-19 16:35:57',NULL),(1469,'2026-02-17',70,10,2,'folga',NULL,'2026-02-19 16:35:57','2026-02-19 16:35:57',NULL),(1470,'2026-02-17',71,10,3,'folga',NULL,'2026-02-19 16:35:57','2026-02-19 16:35:57',NULL),(1471,'2026-02-17',96,10,4,'folga',NULL,'2026-02-19 16:35:57','2026-02-19 16:35:57',NULL),(1472,'2026-02-17',127,10,4,'presente',NULL,'2026-02-19 16:35:57','2026-02-19 16:35:57',NULL),(1473,'2026-02-17',69,10,1,'folga',NULL,'2026-02-19 16:35:57','2026-02-19 16:35:57',NULL),(1474,'2026-02-18',74,10,4,'folga',NULL,'2026-02-19 16:37:48','2026-02-19 16:37:48',NULL),(1475,'2026-02-18',72,10,4,'folga',NULL,'2026-02-19 16:37:48','2026-02-19 16:37:48',NULL),(1476,'2026-02-18',104,10,4,'folga',NULL,'2026-02-19 16:37:48','2026-02-19 16:37:48',NULL),(1477,'2026-02-18',73,10,4,'presente',NULL,'2026-02-19 16:37:48','2026-02-19 16:37:48',NULL),(1478,'2026-02-18',103,10,4,'folga',NULL,'2026-02-19 16:37:48','2026-02-19 16:37:48',NULL),(1479,'2026-02-18',97,10,4,'folga',NULL,'2026-02-19 16:37:48','2026-02-19 16:37:48',NULL),(1480,'2026-02-18',98,10,4,'presente',NULL,'2026-02-19 16:37:48','2026-02-19 16:37:48',NULL),(1481,'2026-02-18',99,10,4,'presente',NULL,'2026-02-19 16:37:48','2026-02-19 16:37:48',NULL),(1482,'2026-02-18',70,10,2,'presente',NULL,'2026-02-19 16:37:48','2026-02-19 16:37:48',NULL),(1483,'2026-02-18',71,10,3,'presente',NULL,'2026-02-19 16:37:48','2026-02-19 16:37:48',NULL),(1484,'2026-02-18',96,10,4,'presente',NULL,'2026-02-19 16:37:48','2026-02-19 16:37:48',NULL),(1485,'2026-02-18',127,10,4,'folga',NULL,'2026-02-19 16:37:48','2026-02-19 16:37:48',NULL),(1486,'2026-02-18',69,10,1,'presente',NULL,'2026-02-19 16:37:48','2026-02-19 16:37:48',NULL),(1487,'2026-02-19',103,10,4,'presente',NULL,'2026-02-19 16:40:21','2026-02-19 16:40:21',NULL),(1488,'2026-02-19',97,10,4,'presente',NULL,'2026-02-19 16:40:21','2026-02-19 16:40:21',NULL),(1489,'2026-02-19',70,10,2,'presente',NULL,'2026-02-19 16:40:21','2026-02-19 16:40:21',NULL),(1490,'2026-02-19',71,10,3,'presente',NULL,'2026-02-19 16:40:21','2026-02-19 16:40:21',NULL),(1491,'2026-02-19',69,10,1,'presente',NULL,'2026-02-19 16:40:21','2026-02-19 16:40:21',NULL),(1492,'2026-02-11',29,23,4,'folga',NULL,'2026-02-19 16:42:28','2026-02-19 16:42:28',NULL),(1493,'2026-02-13',28,23,4,'folga',NULL,'2026-02-19 16:46:35','2026-02-19 16:46:35',NULL),(1494,'2026-02-13',57,23,1,'folga',NULL,'2026-02-19 16:46:35','2026-02-19 16:46:35',NULL),(1495,'2026-02-13',29,23,4,'folga',NULL,'2026-02-19 16:46:35','2026-02-19 16:46:35',NULL),(1496,'2026-02-13',30,23,4,'presente',NULL,'2026-02-19 16:46:35','2026-02-19 16:46:35',NULL),(1497,'2026-02-13',33,23,6,'folga',NULL,'2026-02-19 16:46:35','2026-02-19 16:46:35',NULL),(1498,'2026-02-13',32,23,6,'ferias',NULL,'2026-02-19 16:46:35','2026-02-19 16:46:35',55),(1499,'2026-02-13',55,23,6,'presente',NULL,'2026-02-19 16:46:35','2026-02-19 16:46:35',NULL),(1500,'2026-02-13',56,23,6,'folga',NULL,'2026-02-19 16:46:35','2026-02-19 16:46:35',NULL),(1501,'2026-02-14',27,23,4,'folga',NULL,'2026-02-19 16:47:12','2026-02-19 16:47:12',NULL),(1502,'2026-02-14',28,23,4,'presente',NULL,'2026-02-19 16:47:12','2026-02-19 16:47:12',NULL),(1503,'2026-02-14',29,23,4,'presente',NULL,'2026-02-19 16:47:12','2026-02-19 16:47:12',NULL),(1504,'2026-02-14',31,23,6,'folga',NULL,'2026-02-19 16:47:12','2026-02-19 16:47:12',NULL),(1505,'2026-02-14',30,23,4,'folga',NULL,'2026-02-19 16:47:12','2026-02-19 16:47:12',NULL),(1506,'2026-02-14',34,23,1,'folga',NULL,'2026-02-19 16:47:12','2026-02-19 16:47:12',NULL),(1507,'2026-02-14',33,23,6,'presente',NULL,'2026-02-19 16:47:12','2026-02-19 16:47:12',NULL),(1508,'2026-02-14',32,23,6,'folga',NULL,'2026-02-19 16:47:12','2026-02-19 16:47:12',NULL),(1509,'2026-02-14',56,23,6,'presente',NULL,'2026-02-19 16:47:12','2026-02-19 16:47:12',NULL),(1510,'2026-02-14',57,23,1,'folga',NULL,'2026-02-19 16:47:23','2026-02-19 16:47:23',NULL),(1511,'2026-02-15',27,23,4,'presente',NULL,'2026-02-19 16:50:06','2026-02-19 16:50:06',NULL),(1512,'2026-02-15',28,23,4,'folga',NULL,'2026-02-19 16:50:06','2026-02-19 16:50:06',NULL),(1513,'2026-02-15',57,23,1,'folga',NULL,'2026-02-19 16:50:06','2026-02-19 16:50:06',NULL),(1514,'2026-02-15',29,23,4,'folga',NULL,'2026-02-19 16:50:06','2026-02-19 16:50:06',NULL),(1515,'2026-02-15',31,23,6,'presente',NULL,'2026-02-19 16:50:06','2026-02-19 16:50:06',NULL),(1516,'2026-02-15',30,23,4,'presente',NULL,'2026-02-19 16:50:06','2026-02-19 16:50:06',NULL),(1517,'2026-02-15',34,23,1,'folga',NULL,'2026-02-19 16:50:06','2026-02-19 16:50:06',NULL),(1518,'2026-02-15',33,23,6,'folga',NULL,'2026-02-19 16:50:06','2026-02-19 16:50:06',NULL),(1519,'2026-02-15',32,23,6,'ferias',NULL,'2026-02-19 16:50:06','2026-02-19 16:50:06',55),(1520,'2026-02-15',55,23,6,'presente',NULL,'2026-02-19 16:50:06','2026-02-19 16:50:06',NULL),(1521,'2026-02-15',56,23,6,'folga',NULL,'2026-02-19 16:50:06','2026-02-19 16:50:06',NULL),(1522,'2026-02-16',27,23,4,'folga',NULL,'2026-02-19 16:51:03','2026-02-19 16:51:03',NULL),(1523,'2026-02-16',28,23,4,'presente',NULL,'2026-02-19 16:51:03','2026-02-19 16:51:03',NULL),(1524,'2026-02-16',57,23,1,'folga',NULL,'2026-02-19 16:51:03','2026-02-19 16:51:03',NULL),(1525,'2026-02-16',29,23,4,'presente',NULL,'2026-02-19 16:51:03','2026-02-19 16:51:03',NULL),(1526,'2026-02-16',31,23,6,'folga',NULL,'2026-02-19 16:51:03','2026-02-19 16:51:03',NULL),(1527,'2026-02-16',30,23,4,'folga',NULL,'2026-02-19 16:51:03','2026-02-19 16:51:03',NULL),(1528,'2026-02-16',34,23,1,'presente',NULL,'2026-02-19 16:51:03','2026-02-19 16:51:03',NULL),(1529,'2026-02-16',33,23,6,'presente',NULL,'2026-02-19 16:51:03','2026-02-19 16:51:03',NULL),(1530,'2026-02-16',32,23,6,'folga',NULL,'2026-02-19 16:51:03','2026-02-19 16:51:03',NULL),(1531,'2026-02-16',56,23,6,'presente',NULL,'2026-02-19 16:51:03','2026-02-19 16:51:03',NULL),(1532,'2026-02-17',27,23,4,'presente',NULL,'2026-02-19 16:51:59','2026-02-19 16:51:59',NULL),(1533,'2026-02-17',28,23,4,'folga',NULL,'2026-02-19 16:51:59','2026-02-19 16:51:59',NULL),(1534,'2026-02-17',57,23,1,'presente',NULL,'2026-02-19 16:51:59','2026-02-19 16:51:59',NULL),(1535,'2026-02-17',29,23,4,'folga',NULL,'2026-02-19 16:51:59','2026-02-19 16:51:59',NULL),(1536,'2026-02-17',31,23,6,'presente',NULL,'2026-02-19 16:51:59','2026-02-19 16:51:59',NULL),(1537,'2026-02-17',30,23,4,'presente',NULL,'2026-02-19 16:51:59','2026-02-19 16:51:59',NULL),(1538,'2026-02-17',34,23,1,'folga',NULL,'2026-02-19 16:51:59','2026-02-19 16:51:59',NULL),(1539,'2026-02-17',33,23,6,'folga',NULL,'2026-02-19 16:51:59','2026-02-19 16:51:59',NULL),(1540,'2026-02-17',32,23,6,'ferias',NULL,'2026-02-19 16:51:59','2026-02-19 16:51:59',55),(1541,'2026-02-17',55,23,6,'presente',NULL,'2026-02-19 16:51:59','2026-02-19 16:51:59',NULL),(1542,'2026-02-17',56,23,6,'folga',NULL,'2026-02-19 16:51:59','2026-02-19 16:51:59',NULL),(1543,'2026-02-18',27,23,4,'folga',NULL,'2026-02-19 16:52:38','2026-02-19 16:52:38',NULL),(1544,'2026-02-18',28,23,4,'presente',NULL,'2026-02-19 16:52:38','2026-02-19 16:52:38',NULL),(1545,'2026-02-18',57,23,1,'presente',NULL,'2026-02-19 16:52:38','2026-02-19 16:52:38',NULL),(1546,'2026-02-18',29,23,4,'presente',NULL,'2026-02-19 16:52:38','2026-02-19 16:52:38',NULL),(1547,'2026-02-18',31,23,6,'folga',NULL,'2026-02-19 16:52:38','2026-02-19 16:52:38',NULL),(1548,'2026-02-18',30,23,4,'folga',NULL,'2026-02-19 16:52:38','2026-02-19 16:52:38',NULL),(1549,'2026-02-18',34,23,1,'presente',NULL,'2026-02-19 16:52:38','2026-02-19 16:52:38',NULL),(1550,'2026-02-18',33,23,6,'presente',NULL,'2026-02-19 16:52:38','2026-02-19 16:52:38',NULL),(1551,'2026-02-18',32,23,6,'folga',NULL,'2026-02-19 16:52:38','2026-02-19 16:52:38',NULL),(1552,'2026-02-18',56,23,6,'presente',NULL,'2026-02-19 16:52:38','2026-02-19 16:52:38',NULL),(1553,'2026-02-19',27,23,4,'presente',NULL,'2026-02-19 16:53:07','2026-02-19 16:53:07',NULL),(1554,'2026-02-19',57,23,1,'presente',NULL,'2026-02-19 16:53:07','2026-02-19 16:53:07',NULL),(1555,'2026-02-19',31,23,6,'presente',NULL,'2026-02-19 16:53:07','2026-02-19 16:53:07',NULL),(1556,'2026-02-19',34,23,1,'presente',NULL,'2026-02-19 16:53:07','2026-02-19 16:53:07',NULL),(1557,'2026-02-14',92,25,1,'folga',NULL,'2026-02-19 16:55:00','2026-02-19 16:55:00',NULL),(1558,'2026-02-14',89,25,6,'presente',NULL,'2026-02-19 16:55:00','2026-02-19 16:55:00',NULL),(1559,'2026-02-14',90,25,6,'presente',NULL,'2026-02-19 16:55:00','2026-02-19 16:55:00',NULL),(1560,'2026-02-14',93,25,2,'folga',NULL,'2026-02-19 16:55:00','2026-02-19 16:55:00',NULL),(1561,'2026-02-14',83,25,4,'presente',NULL,'2026-02-19 16:55:00','2026-02-19 16:55:00',NULL),(1562,'2026-02-14',84,25,4,'folga',NULL,'2026-02-19 16:55:00','2026-02-19 16:55:00',NULL),(1563,'2026-02-14',87,25,6,'folga',NULL,'2026-02-19 16:55:00','2026-02-19 16:55:00',NULL),(1564,'2026-02-14',88,25,6,'folga',NULL,'2026-02-19 16:55:00','2026-02-19 16:55:00',NULL),(1565,'2026-02-14',85,25,4,'presente',NULL,'2026-02-19 16:55:00','2026-02-19 16:55:00',NULL),(1566,'2026-02-14',86,25,4,'folga',NULL,'2026-02-19 16:55:00','2026-02-19 16:55:00',NULL),(1567,'2026-02-15',92,25,1,'folga',NULL,'2026-02-19 17:16:18','2026-02-19 17:16:18',NULL),(1568,'2026-02-15',89,25,6,'folga',NULL,'2026-02-19 17:16:18','2026-02-19 17:16:18',NULL),(1569,'2026-02-15',90,25,6,'presente',NULL,'2026-02-19 17:16:18','2026-02-19 17:16:18',NULL),(1570,'2026-02-15',93,25,2,'folga',NULL,'2026-02-19 17:16:18','2026-02-19 17:16:18',NULL),(1571,'2026-02-15',83,25,4,'folga',NULL,'2026-02-19 17:16:18','2026-02-19 17:16:18',NULL),(1572,'2026-02-15',84,25,4,'presente',NULL,'2026-02-19 17:16:18','2026-02-19 17:16:18',NULL),(1573,'2026-02-15',87,25,6,'folga',NULL,'2026-02-19 17:16:18','2026-02-19 17:16:18',NULL),(1574,'2026-02-15',88,25,6,'presente',NULL,'2026-02-19 17:16:18','2026-02-19 17:16:18',NULL),(1575,'2026-02-15',85,25,4,'presente',NULL,'2026-02-19 17:16:18','2026-02-19 17:16:18',NULL),(1576,'2026-02-15',86,25,4,'folga',NULL,'2026-02-19 17:16:18','2026-02-19 17:16:18',NULL),(1579,'2026-02-16',92,25,1,'folga',NULL,'2026-02-19 17:43:01','2026-02-19 17:43:01',NULL),(1580,'2026-02-16',89,25,6,'presente',NULL,'2026-02-19 17:43:01','2026-02-19 17:43:01',NULL),(1581,'2026-02-16',90,25,6,'folga',NULL,'2026-02-19 17:43:01','2026-02-19 17:43:01',NULL),(1582,'2026-02-16',93,25,2,'presente',NULL,'2026-02-19 17:43:01','2026-02-19 17:43:01',NULL),(1583,'2026-02-16',83,25,4,'presente',NULL,'2026-02-19 17:43:01','2026-02-19 17:43:01',NULL),(1584,'2026-02-16',84,25,4,'folga',NULL,'2026-02-19 17:43:01','2026-02-19 17:43:01',NULL),(1585,'2026-02-16',87,25,6,'presente',NULL,'2026-02-19 17:43:01','2026-02-19 17:43:01',NULL),(1586,'2026-02-16',88,25,6,'folga',NULL,'2026-02-19 17:43:01','2026-02-19 17:43:01',NULL),(1587,'2026-02-16',85,25,4,'folga',NULL,'2026-02-19 17:43:01','2026-02-19 17:43:01',NULL),(1588,'2026-02-16',86,25,4,'presente',NULL,'2026-02-19 17:43:01','2026-02-19 17:43:01',NULL),(1589,'2026-02-17',92,25,1,'folga',NULL,'2026-02-19 17:43:50','2026-02-19 17:43:50',NULL),(1590,'2026-02-17',89,25,6,'presente',NULL,'2026-02-19 17:43:50','2026-02-19 17:43:50',NULL),(1591,'2026-02-17',90,25,6,'presente',NULL,'2026-02-19 17:43:50','2026-02-19 17:43:50',NULL),(1592,'2026-02-17',93,25,2,'folga',NULL,'2026-02-19 17:43:50','2026-02-19 17:43:50',NULL),(1593,'2026-02-17',83,25,4,'folga',NULL,'2026-02-19 17:43:50','2026-02-19 17:43:50',NULL),(1594,'2026-02-17',84,25,4,'presente',NULL,'2026-02-19 17:43:50','2026-02-19 17:43:50',NULL),(1595,'2026-02-17',87,25,6,'folga',NULL,'2026-02-19 17:43:50','2026-02-19 17:43:50',NULL),(1596,'2026-02-17',88,25,6,'folga',NULL,'2026-02-19 17:43:50','2026-02-19 17:43:50',NULL),(1597,'2026-02-17',85,25,4,'folga',NULL,'2026-02-19 17:43:50','2026-02-19 17:43:50',NULL),(1598,'2026-02-17',86,25,4,'presente',NULL,'2026-02-19 17:43:50','2026-02-19 17:43:50',NULL),(1599,'2026-02-18',92,25,1,'presente',NULL,'2026-02-19 17:44:36','2026-02-19 17:44:36',NULL),(1600,'2026-02-18',89,25,6,'presente',NULL,'2026-02-19 17:44:36','2026-02-19 17:44:36',NULL),(1601,'2026-02-18',90,25,6,'folga',NULL,'2026-02-19 17:44:36','2026-02-19 17:44:36',NULL),(1602,'2026-02-18',93,25,2,'presente',NULL,'2026-02-19 17:44:36','2026-02-19 17:44:36',NULL),(1603,'2026-02-18',83,25,4,'presente',NULL,'2026-02-19 17:44:36','2026-02-19 17:44:36',NULL),(1604,'2026-02-18',84,25,4,'folga',NULL,'2026-02-19 17:44:36','2026-02-19 17:44:36',NULL),(1605,'2026-02-18',87,25,6,'presente',NULL,'2026-02-19 17:44:36','2026-02-19 17:44:36',NULL),(1606,'2026-02-18',88,25,6,'folga',NULL,'2026-02-19 17:44:36','2026-02-19 17:44:36',NULL),(1607,'2026-02-18',85,25,4,'presente',NULL,'2026-02-19 17:44:36','2026-02-19 17:44:36',NULL),(1608,'2026-02-18',86,25,4,'folga',NULL,'2026-02-19 17:44:36','2026-02-19 17:44:36',NULL),(1609,'2026-02-13',91,25,6,'folga',NULL,'2026-02-19 17:45:51','2026-02-19 17:45:51',NULL),(1610,'2026-02-14',91,25,6,'folga',NULL,'2026-02-19 17:46:07','2026-02-19 17:46:07',NULL),(1611,'2026-02-15',91,25,6,'folga',NULL,'2026-02-19 17:46:12','2026-02-19 17:46:12',NULL),(1612,'2026-02-16',91,25,6,'folga',NULL,'2026-02-19 17:46:19','2026-02-19 17:46:19',NULL),(1613,'2026-02-17',91,25,6,'folga',NULL,'2026-02-19 17:46:25','2026-02-19 17:46:25',NULL),(1614,'2026-02-18',91,25,6,'folga',NULL,'2026-02-19 17:46:31','2026-02-19 17:46:31',NULL),(1615,'2026-02-19',91,25,6,'presente',NULL,'2026-02-19 17:46:36','2026-02-19 17:46:36',NULL),(1616,'2026-02-13',109,7,4,'folga',NULL,'2026-02-19 17:48:35','2026-02-19 17:48:35',NULL),(1617,'2026-02-13',112,7,4,'folga',NULL,'2026-02-19 17:48:35','2026-02-19 17:48:35',NULL),(1618,'2026-02-13',110,7,6,'folga',NULL,'2026-02-19 17:48:35','2026-02-19 17:48:35',NULL),(1619,'2026-02-13',113,7,6,'folga',NULL,'2026-02-19 17:48:35','2026-02-19 17:48:35',NULL),(1620,'2026-02-13',107,7,4,'presente',NULL,'2026-02-19 17:48:35','2026-02-19 17:48:35',NULL),(1621,'2026-02-13',108,7,6,'presente',NULL,'2026-02-19 17:48:35','2026-02-19 17:48:35',NULL),(1622,'2026-02-14',115,7,3,'folga',NULL,'2026-02-19 17:49:14','2026-02-19 17:49:14',NULL),(1623,'2026-02-14',109,7,4,'presente',NULL,'2026-02-19 17:49:14','2026-02-19 17:49:14',NULL),(1624,'2026-02-14',112,7,4,'presente',NULL,'2026-02-19 17:49:14','2026-02-19 17:49:14',NULL),(1625,'2026-02-14',110,7,6,'presente',NULL,'2026-02-19 17:49:14','2026-02-19 17:49:14',NULL),(1626,'2026-02-14',113,7,6,'presente',NULL,'2026-02-19 17:49:14','2026-02-19 17:49:14',NULL),(1627,'2026-02-14',111,7,6,'folga',NULL,'2026-02-19 17:49:14','2026-02-19 17:49:14',NULL),(1628,'2026-02-14',107,7,4,'folga',NULL,'2026-02-19 17:49:14','2026-02-19 17:49:14',NULL),(1629,'2026-02-14',118,7,1,'folga',NULL,'2026-02-19 17:49:14','2026-02-19 17:49:14',NULL),(1630,'2026-02-14',108,7,6,'folga',NULL,'2026-02-19 17:49:14','2026-02-19 17:49:14',NULL),(1631,'2026-02-14',120,7,4,'folga',NULL,'2026-02-19 17:49:14','2026-02-19 17:49:14',NULL),(1632,'2026-02-14',117,7,4,'folga',NULL,'2026-02-19 17:49:14','2026-02-19 17:49:14',NULL),(1633,'2026-02-15',115,7,3,'folga',NULL,'2026-02-19 17:49:56','2026-02-19 17:49:56',NULL),(1634,'2026-02-15',109,7,4,'folga',NULL,'2026-02-19 17:49:56','2026-02-19 17:49:56',NULL),(1635,'2026-02-15',112,7,4,'folga',NULL,'2026-02-19 17:49:56','2026-02-19 17:49:56',NULL),(1636,'2026-02-15',110,7,6,'folga',NULL,'2026-02-19 17:49:56','2026-02-19 17:49:56',NULL),(1637,'2026-02-15',113,7,6,'folga',NULL,'2026-02-19 17:49:56','2026-02-19 17:49:56',NULL),(1638,'2026-02-15',111,7,6,'presente',NULL,'2026-02-19 17:49:56','2026-02-19 17:49:56',NULL),(1639,'2026-02-15',107,7,4,'presente',NULL,'2026-02-19 17:49:56','2026-02-19 17:49:56',NULL),(1640,'2026-02-15',118,7,1,'folga',NULL,'2026-02-19 17:49:56','2026-02-19 17:49:56',NULL),(1641,'2026-02-15',108,7,6,'presente',NULL,'2026-02-19 17:49:56','2026-02-19 17:49:56',NULL),(1642,'2026-02-15',120,7,4,'folga',NULL,'2026-02-19 17:49:56','2026-02-19 17:49:56',NULL),(1643,'2026-02-15',117,7,4,'presente',NULL,'2026-02-19 17:49:56','2026-02-19 17:49:56',NULL),(1644,'2026-02-16',115,7,3,'presente',NULL,'2026-02-19 17:52:06','2026-02-19 17:52:06',NULL),(1645,'2026-02-16',109,7,4,'presente',NULL,'2026-02-19 17:52:06','2026-02-19 17:52:06',NULL),(1646,'2026-02-16',112,7,4,'presente',NULL,'2026-02-19 17:52:06','2026-02-19 17:52:06',NULL),(1647,'2026-02-16',110,7,6,'presente',NULL,'2026-02-19 17:52:06','2026-02-19 17:52:06',NULL),(1648,'2026-02-16',113,7,6,'presente',NULL,'2026-02-19 17:52:06','2026-02-19 17:52:06',NULL),(1649,'2026-02-16',111,7,6,'folga',NULL,'2026-02-19 17:52:06','2026-02-19 17:52:06',NULL),(1650,'2026-02-16',107,7,4,'folga',NULL,'2026-02-19 17:52:06','2026-02-19 17:52:06',NULL),(1651,'2026-02-16',118,7,1,'presente',NULL,'2026-02-19 17:52:06','2026-02-19 17:52:06',NULL),(1652,'2026-02-16',108,7,6,'folga',NULL,'2026-02-19 17:52:06','2026-02-19 17:52:06',NULL),(1653,'2026-02-16',120,7,4,'folga',NULL,'2026-02-19 17:52:06','2026-02-19 17:52:06',NULL),(1654,'2026-02-16',117,7,4,'folga',NULL,'2026-02-19 17:52:06','2026-02-19 17:52:06',NULL),(1655,'2026-02-17',115,7,3,'presente',NULL,'2026-02-19 17:54:18','2026-02-19 17:54:18',NULL),(1656,'2026-02-17',109,7,4,'folga',NULL,'2026-02-19 17:54:18','2026-02-19 17:54:18',NULL),(1657,'2026-02-17',112,7,4,'folga',NULL,'2026-02-19 17:54:18','2026-02-19 17:54:18',NULL),(1658,'2026-02-17',110,7,6,'folga',NULL,'2026-02-19 17:54:18','2026-02-19 17:54:18',NULL),(1659,'2026-02-17',113,7,6,'folga',NULL,'2026-02-19 17:54:18','2026-02-19 17:54:18',NULL),(1660,'2026-02-17',111,7,6,'presente',NULL,'2026-02-19 17:54:18','2026-02-19 17:54:18',NULL),(1661,'2026-02-17',107,7,4,'presente',NULL,'2026-02-19 17:54:18','2026-02-19 17:54:18',NULL),(1662,'2026-02-17',118,7,1,'presente',NULL,'2026-02-19 17:54:18','2026-02-19 17:54:18',NULL),(1663,'2026-02-17',108,7,6,'presente',NULL,'2026-02-19 17:54:18','2026-02-19 17:54:18',NULL),(1664,'2026-02-17',120,7,4,'presente',NULL,'2026-02-19 17:54:18','2026-02-19 17:54:18',NULL),(1665,'2026-02-17',117,7,4,'presente',NULL,'2026-02-19 17:54:18','2026-02-19 17:54:18',NULL),(1666,'2026-02-18',115,7,3,'presente',NULL,'2026-02-19 17:55:37','2026-02-19 17:55:37',NULL),(1667,'2026-02-18',109,7,4,'presente',NULL,'2026-02-19 17:55:37','2026-02-19 17:55:37',NULL),(1668,'2026-02-18',112,7,4,'presente',NULL,'2026-02-19 17:55:37','2026-02-19 17:55:37',NULL),(1669,'2026-02-18',110,7,6,'presente',NULL,'2026-02-19 17:55:37','2026-02-19 17:55:37',NULL),(1670,'2026-02-18',113,7,6,'presente',NULL,'2026-02-19 17:55:37','2026-02-19 17:55:37',NULL),(1671,'2026-02-18',111,7,6,'folga',NULL,'2026-02-19 17:55:37','2026-02-19 17:55:37',NULL),(1672,'2026-02-18',107,7,4,'folga',NULL,'2026-02-19 17:55:37','2026-02-19 17:55:37',NULL),(1673,'2026-02-18',118,7,1,'presente',NULL,'2026-02-19 17:55:37','2026-02-19 17:55:37',NULL),(1674,'2026-02-18',108,7,6,'folga',NULL,'2026-02-19 17:55:37','2026-02-19 17:55:37',NULL),(1675,'2026-02-18',120,7,4,'folga',NULL,'2026-02-19 17:55:37','2026-02-19 17:55:37',NULL),(1676,'2026-02-18',117,7,4,'folga',NULL,'2026-02-19 17:55:37','2026-02-19 17:55:37',NULL),(1677,'2026-02-19',115,7,3,'presente',NULL,'2026-02-19 17:56:02','2026-02-19 17:56:02',NULL),(1678,'2026-02-19',111,7,6,'presente',NULL,'2026-02-19 17:56:02','2026-02-19 17:56:02',NULL),(1679,'2026-02-19',118,7,1,'presente',NULL,'2026-02-19 17:56:02','2026-02-19 17:56:02',NULL),(1680,'2026-02-19',120,7,4,'presente',NULL,'2026-02-19 17:56:02','2026-02-19 17:56:02',NULL),(1681,'2026-02-19',117,7,4,'presente',NULL,'2026-02-19 17:56:02','2026-02-19 17:56:02',NULL),(1682,'2026-02-13',62,28,4,'folga',NULL,'2026-02-19 17:57:05','2026-02-19 17:57:05',NULL),(1683,'2026-02-13',66,28,4,'presente',NULL,'2026-02-19 17:57:05','2026-02-19 17:57:05',NULL),(1684,'2026-02-13',65,28,6,'presente',NULL,'2026-02-19 17:57:05','2026-02-19 17:57:05',NULL),(1685,'2026-02-13',61,28,6,'folga',NULL,'2026-02-19 17:57:05','2026-02-19 17:57:05',NULL),(1686,'2026-02-13',63,28,6,'folga',NULL,'2026-02-19 17:57:05','2026-02-19 17:57:05',NULL),(1687,'2026-02-13',64,28,4,'folga',NULL,'2026-02-19 17:57:05','2026-02-19 17:57:05',NULL),(1688,'2026-02-13',125,28,4,'folga',NULL,'2026-02-19 17:57:05','2026-02-19 17:57:05',NULL),(1689,'2026-02-14',62,28,4,'presente',NULL,'2026-02-19 17:57:52','2026-02-19 17:57:52',NULL),(1690,'2026-02-14',66,28,4,'folga',NULL,'2026-02-19 17:57:52','2026-02-19 17:57:52',NULL),(1691,'2026-02-14',65,28,6,'folga',NULL,'2026-02-19 17:57:52','2026-02-19 17:57:52',NULL),(1692,'2026-02-14',60,28,6,'folga',NULL,'2026-02-19 17:57:52','2026-02-19 17:57:52',NULL),(1693,'2026-02-14',61,28,6,'presente',NULL,'2026-02-19 17:57:52','2026-02-19 17:57:52',NULL),(1694,'2026-02-14',63,28,6,'presente',NULL,'2026-02-19 17:57:52','2026-02-19 17:57:52',NULL),(1695,'2026-02-14',59,28,4,'folga',NULL,'2026-02-19 17:57:52','2026-02-19 17:57:52',NULL),(1696,'2026-02-14',64,28,4,'folga',NULL,'2026-02-19 17:57:52','2026-02-19 17:57:52',NULL),(1697,'2026-02-14',68,28,1,'folga',NULL,'2026-02-19 17:57:52','2026-02-19 17:57:52',NULL),(1698,'2026-02-14',125,28,4,'presente',NULL,'2026-02-19 17:57:52','2026-02-19 17:57:52',NULL),(1699,'2026-02-14',67,28,1,'folga',NULL,'2026-02-19 17:57:52','2026-02-19 17:57:52',NULL),(1700,'2026-02-15',62,28,4,'presente',NULL,'2026-02-19 17:59:00','2026-02-19 17:59:00',NULL),(1701,'2026-02-15',66,28,4,'presente',NULL,'2026-02-19 17:59:00','2026-02-19 17:59:00',NULL),(1702,'2026-02-15',65,28,6,'presente',NULL,'2026-02-19 17:59:00','2026-02-19 17:59:00',NULL),(1703,'2026-02-15',60,28,6,'presente',NULL,'2026-02-19 17:59:00','2026-02-19 17:59:00',NULL),(1704,'2026-02-15',61,28,6,'folga',NULL,'2026-02-19 17:59:00','2026-02-19 17:59:00',NULL),(1705,'2026-02-15',63,28,6,'folga',NULL,'2026-02-19 17:59:00','2026-02-19 17:59:00',NULL),(1706,'2026-02-15',59,28,4,'falta',NULL,'2026-02-19 17:59:00','2026-02-19 17:59:00',62),(1708,'2026-02-15',64,28,4,'folga',NULL,'2026-02-19 17:59:00','2026-02-19 17:59:00',NULL),(1709,'2026-02-15',68,28,1,'folga',NULL,'2026-02-19 17:59:00','2026-02-19 17:59:00',NULL),(1710,'2026-02-15',125,28,4,'folga',NULL,'2026-02-19 17:59:00','2026-02-19 17:59:00',NULL),(1711,'2026-02-15',67,28,1,'folga',NULL,'2026-02-19 17:59:00','2026-02-19 17:59:00',NULL),(1712,'2026-02-16',62,28,4,'folga',NULL,'2026-02-19 18:00:01','2026-02-19 18:00:01',NULL),(1713,'2026-02-16',66,28,4,'folga',NULL,'2026-02-19 18:00:01','2026-02-19 18:00:01',NULL),(1714,'2026-02-16',65,28,6,'presente',NULL,'2026-02-19 18:00:01','2026-02-19 18:00:01',NULL),(1715,'2026-02-16',60,28,6,'folga',NULL,'2026-02-19 18:00:01','2026-02-19 18:00:01',NULL),(1716,'2026-02-16',61,28,6,'folga',NULL,'2026-02-19 18:00:01','2026-02-19 18:00:01',NULL),(1717,'2026-02-16',63,28,6,'presente',NULL,'2026-02-19 18:00:01','2026-02-19 18:00:01',NULL),(1718,'2026-02-16',59,28,4,'folga',NULL,'2026-02-19 18:00:01','2026-02-19 18:00:01',NULL),(1719,'2026-02-16',64,28,4,'folga',NULL,'2026-02-19 18:00:01','2026-02-19 18:00:01',NULL),(1720,'2026-02-16',68,28,1,'presente',NULL,'2026-02-19 18:00:01','2026-02-19 18:00:01',NULL),(1721,'2026-02-16',125,28,4,'presente',NULL,'2026-02-19 18:00:01','2026-02-19 18:00:01',NULL),(1722,'2026-02-16',67,28,1,'folga',NULL,'2026-02-19 18:00:01','2026-02-19 18:00:01',NULL),(1723,'2026-02-17',62,28,4,'folga',NULL,'2026-02-19 18:00:52','2026-02-19 18:00:52',NULL),(1724,'2026-02-17',66,28,4,'presente',NULL,'2026-02-19 18:00:52','2026-02-19 18:00:52',NULL),(1725,'2026-02-17',65,28,6,'presente',NULL,'2026-02-19 18:00:52','2026-02-19 18:00:52',NULL),(1726,'2026-02-17',60,28,6,'presente',NULL,'2026-02-19 18:00:52','2026-02-19 18:00:52',NULL),(1727,'2026-02-17',61,28,6,'folga',NULL,'2026-02-19 18:00:52','2026-02-19 18:00:52',NULL),(1728,'2026-02-17',63,28,6,'folga',NULL,'2026-02-19 18:00:52','2026-02-19 18:00:52',NULL),(1729,'2026-02-17',59,28,4,'presente',NULL,'2026-02-19 18:00:52','2026-02-19 18:00:52',NULL),(1730,'2026-02-17',64,28,4,'folga',NULL,'2026-02-19 18:00:52','2026-02-19 18:00:52',NULL),(1731,'2026-02-17',68,28,1,'folga',NULL,'2026-02-19 18:00:52','2026-02-19 18:00:52',NULL),(1732,'2026-02-17',125,28,4,'folga',NULL,'2026-02-19 18:00:52','2026-02-19 18:00:52',NULL),(1733,'2026-02-17',67,28,1,'folga',NULL,'2026-02-19 18:00:52','2026-02-19 18:00:52',NULL),(1734,'2026-02-18',62,28,4,'presente',NULL,'2026-02-19 18:03:12','2026-02-19 18:03:12',NULL),(1735,'2026-02-18',66,28,4,'folga',NULL,'2026-02-19 18:03:12','2026-02-19 18:03:12',NULL),(1736,'2026-02-18',65,28,6,'folga',NULL,'2026-02-19 18:03:12','2026-02-19 18:03:12',NULL),(1737,'2026-02-18',60,28,6,'folga',NULL,'2026-02-19 18:03:12','2026-02-19 18:03:12',NULL),(1738,'2026-02-18',61,28,6,'presente',NULL,'2026-02-19 18:03:12','2026-02-19 18:03:12',NULL),(1739,'2026-02-18',63,28,6,'presente',NULL,'2026-02-19 18:03:12','2026-02-19 18:03:12',NULL),(1740,'2026-02-18',59,28,4,'folga',NULL,'2026-02-19 18:03:12','2026-02-19 18:03:12',NULL),(1741,'2026-02-18',64,28,4,'folga',NULL,'2026-02-19 18:03:12','2026-02-19 18:03:12',NULL),(1742,'2026-02-18',68,28,1,'presente',NULL,'2026-02-19 18:03:12','2026-02-19 18:03:12',NULL),(1743,'2026-02-18',125,28,4,'presente',NULL,'2026-02-19 18:03:12','2026-02-19 18:03:12',NULL),(1744,'2026-02-18',67,28,1,'presente',NULL,'2026-02-19 18:03:12','2026-02-19 18:03:12',NULL),(1745,'2026-02-19',60,28,6,'presente',NULL,'2026-02-19 18:04:05','2026-02-19 18:04:05',NULL),(1746,'2026-02-19',59,28,4,'presente',NULL,'2026-02-19 18:04:05','2026-02-19 18:04:05',NULL),(1747,'2026-02-19',68,28,1,'em_cobertura','SILVANA PEREIRA','2026-02-19 18:04:05','2026-02-19 18:04:05',NULL),(1748,'2026-02-19',67,28,1,'presente',NULL,'2026-02-19 18:04:05','2026-02-19 18:04:05',NULL);
/*!40000 ALTER TABLE `presencas_diarias` ENABLE KEYS */;
UNLOCK TABLES;

--
-- Table structure for table `usuario_condominios`
--

DROP TABLE IF EXISTS `usuario_condominios`;
/*!40101 SET @saved_cs_client     = @@character_set_client */;
/*!50503 SET character_set_client = utf8mb4 */;
CREATE TABLE `usuario_condominios` (
  `id` int NOT NULL AUTO_INCREMENT,
  `usuario_id` int NOT NULL,
  `condominio_id` int NOT NULL,
  PRIMARY KEY (`id`),
  UNIQUE KEY `uq_usuario_condominio` (`usuario_id`,`condominio_id`),
  KEY `fk_uc_condominio` (`condominio_id`),
  CONSTRAINT `fk_uc_condominio` FOREIGN KEY (`condominio_id`) REFERENCES `condominios` (`id`),
  CONSTRAINT `fk_uc_usuario` FOREIGN KEY (`usuario_id`) REFERENCES `usuarios` (`id`)
) ENGINE=InnoDB AUTO_INCREMENT=25 DEFAULT CHARSET=utf8mb4 COLLATE=utf8mb4_unicode_ci;
/*!40101 SET character_set_client = @saved_cs_client */;

--
-- Dumping data for table `usuario_condominios`
--

LOCK TABLES `usuario_condominios` WRITE;
/*!40000 ALTER TABLE `usuario_condominios` DISABLE KEYS */;
INSERT INTO `usuario_condominios` VALUES (1,9,1),(3,11,1),(6,11,2),(4,11,3),(5,11,4),(2,11,5),(7,12,6),(8,12,7),(14,13,7),(10,13,10),(12,13,11),(17,13,14),(16,13,18),(9,13,23),(11,13,25),(13,13,26),(15,13,28),(20,15,7),(18,15,10),(21,15,14),(19,15,25),(22,16,5),(24,18,3);
/*!40000 ALTER TABLE `usuario_condominios` ENABLE KEYS */;
UNLOCK TABLES;

--
-- Table structure for table `usuarios`
--

DROP TABLE IF EXISTS `usuarios`;
/*!40101 SET @saved_cs_client     = @@character_set_client */;
/*!50503 SET character_set_client = utf8mb4 */;
CREATE TABLE `usuarios` (
  `id` int NOT NULL AUTO_INCREMENT,
  `nome` varchar(255) CHARACTER SET utf8mb4 COLLATE utf8mb4_unicode_ci NOT NULL,
  `email` varchar(255) CHARACTER SET utf8mb4 COLLATE utf8mb4_unicode_ci NOT NULL,
  `senha_hash` varchar(255) CHARACTER SET utf8mb4 COLLATE utf8mb4_unicode_ci DEFAULT NULL,
  `google_id` varchar(255) CHARACTER SET utf8mb4 COLLATE utf8mb4_unicode_ci DEFAULT NULL,
  `perfil` enum('admin','gestor','lancador') CHARACTER SET utf8mb4 COLLATE utf8mb4_unicode_ci NOT NULL DEFAULT 'lancador',
  `ativo` tinyint(1) DEFAULT '1',
  `criado_em` timestamp NOT NULL DEFAULT CURRENT_TIMESTAMP,
  `atualizado_em` timestamp NOT NULL DEFAULT CURRENT_TIMESTAMP ON UPDATE CURRENT_TIMESTAMP,
  PRIMARY KEY (`id`),
  UNIQUE KEY `email` (`email`)
) ENGINE=InnoDB AUTO_INCREMENT=19 DEFAULT CHARSET=utf8mb4 COLLATE=utf8mb4_unicode_ci;
/*!40101 SET character_set_client = @saved_cs_client */;

--
-- Dumping data for table `usuarios`
--

LOCK TABLES `usuarios` WRITE;
/*!40000 ALTER TABLE `usuarios` DISABLE KEYS */;
INSERT INTO `usuarios` VALUES (7,'Gabriel Evangelista','gabrielevangelista@retha.com.br','$2b$10$ZI0ZDTQQs5yRiuhJCeM3e.Ls9FZlyP08ZNLBjjsFcxQZedaSzUgXi',NULL,'admin',1,'2026-01-29 17:47:43','2026-02-09 14:54:37'),(8,'Filipe Passos','filipepassos@retha.com.br','$2b$10$I.NJktqFNaE5sQCR1HxXVeJ2uc8e.4VLAYmlU1SppnBjvG8w.5sOi',NULL,'admin',1,'2026-01-29 18:48:58','2026-02-12 15:40:56'),(9,'Operador 1','operador1@retha.com.br','$2b$10$ZI0ZDTQQs5yRiuhJCeM3e.Ls9FZlyP08ZNLBjjsFcxQZedaSzUgXi',NULL,'lancador',1,'2026-01-29 20:17:38','2026-02-09 14:54:37'),(10,'Bruno ','bruno@retha.com.br','$2b$10$ZI0ZDTQQs5yRiuhJCeM3e.Ls9FZlyP08ZNLBjjsFcxQZedaSzUgXi',NULL,'admin',1,'2026-01-29 21:30:23','2026-02-09 14:54:37'),(11,'Gestor1','gestor@retha','$2b$10$ZI0ZDTQQs5yRiuhJCeM3e.Ls9FZlyP08ZNLBjjsFcxQZedaSzUgXi',NULL,'gestor',1,'2026-02-02 14:41:01','2026-02-09 14:54:37'),(12,'Gestor2','gestor2@retha','$2b$10$ZI0ZDTQQs5yRiuhJCeM3e.Ls9FZlyP08ZNLBjjsFcxQZedaSzUgXi',NULL,'gestor',1,'2026-02-02 15:01:07','2026-02-09 14:54:37'),(13,'Yasmim Lemos','yasmimlemos@retha.com.br','$2b$10$/oC1eR.pxF2yTKV5y1ipuOzJPrVn3kOD/wWrKqwzFF4dBtl4fF5Ky',NULL,'lancador',1,'2026-02-04 13:36:06','2026-02-12 20:45:46'),(14,'Samanta Pistori','samanta@retha.com.br','$2b$10$ZI0ZDTQQs5yRiuhJCeM3e.Ls9FZlyP08ZNLBjjsFcxQZedaSzUgXi',NULL,'admin',1,'2026-02-04 18:10:44','2026-02-09 14:54:37'),(15,'Emerson de Moraes','emersonmoraes@retha.com.br','$2b$10$TjYb0mY0BP4LG0w1PRXBeeGoS2Zp/L04F7iqykcA2h6sIB7GeWRWa',NULL,'lancador',1,'2026-02-13 12:06:56','2026-02-13 12:09:07'),(16,'Jéssica Monteiro','dvrcacapava.ope@retha.com.br','$2b$10$4PHl5EUEJMxJIjL9V.TptOFs9SsCoKGZR7J0..3NpGFuAinoQb08u',NULL,'lancador',1,'2026-02-18 12:05:21','2026-02-18 12:05:21'),(18,'Cristiane de Almeida','dvritapevi.adm@retha.com.br','$2b$10$ittR4h5Si1ihBDfvKnlpFubsx/lqcR.y0DWm1jIs.g8/IT7.oQpGq',NULL,'lancador',1,'2026-02-19 13:41:15','2026-02-19 13:41:15');
/*!40000 ALTER TABLE `usuarios` ENABLE KEYS */;
UNLOCK TABLES;
/*!40103 SET TIME_ZONE=@OLD_TIME_ZONE */;

/*!40101 SET SQL_MODE=@OLD_SQL_MODE */;
/*!40014 SET FOREIGN_KEY_CHECKS=@OLD_FOREIGN_KEY_CHECKS */;
/*!40014 SET UNIQUE_CHECKS=@OLD_UNIQUE_CHECKS */;
/*!40101 SET CHARACTER_SET_CLIENT=@OLD_CHARACTER_SET_CLIENT */;
/*!40101 SET CHARACTER_SET_RESULTS=@OLD_CHARACTER_SET_RESULTS */;
/*!40101 SET COLLATION_CONNECTION=@OLD_COLLATION_CONNECTION */;
/*!40111 SET SQL_NOTES=@OLD_SQL_NOTES */;

-- Dump completed on 2026-02-19 15:04:46
